-- phpMyAdmin SQL Dump
-- version 3.5.1
-- http://www.phpmyadmin.net
--
-- Хост: localhost
-- Время создания: Сен 09 2013 г., 13:18
-- Версия сервера: 5.5.24-log
-- Версия PHP: 5.3.13

SET SQL_MODE="NO_AUTO_VALUE_ON_ZERO";
SET time_zone = "+00:00";


/*!40101 SET @OLD_CHARACTER_SET_CLIENT=@@CHARACTER_SET_CLIENT */;
/*!40101 SET @OLD_CHARACTER_SET_RESULTS=@@CHARACTER_SET_RESULTS */;
/*!40101 SET @OLD_COLLATION_CONNECTION=@@COLLATION_CONNECTION */;
/*!40101 SET NAMES utf8 */;

--
-- База данных: `atpp`
--

-- --------------------------------------------------------

--
-- Структура таблицы `assignments`
--

CREATE TABLE IF NOT EXISTS `assignments` (
  `itemname` varchar(64) NOT NULL,
  `userid` varchar(64) NOT NULL,
  `bizrule` text,
  `data` text,
  PRIMARY KEY (`itemname`,`userid`)
) ENGINE=MyISAM DEFAULT CHARSET=utf8;

--
-- Дамп данных таблицы `assignments`
--

INSERT INTO `assignments` (`itemname`, `userid`, `bizrule`, `data`) VALUES
('User', '131', NULL, NULL),
('Authority', '1', '', 's:0:"";'),
('User', '53', NULL, NULL),
('User', '52', NULL, NULL),
('User', '51', NULL, NULL),
('User', '50', NULL, NULL),
('User', '49', NULL, NULL),
('User', '48', NULL, NULL),
('User', '47', NULL, NULL),
('User', '46', NULL, NULL),
('User', '45', NULL, NULL),
('User', '44', NULL, NULL),
('User', '43', NULL, NULL),
('User', '42', NULL, NULL),
('User', '41', NULL, NULL),
('User', '40', NULL, NULL),
('User', '39', NULL, NULL),
('User', '38', NULL, NULL),
('User', '37', NULL, NULL),
('User', '36', NULL, NULL),
('User', '54', NULL, NULL),
('User', '55', NULL, NULL),
('User', '56', NULL, NULL),
('User', '57', NULL, NULL),
('User', '58', NULL, NULL),
('User', '59', NULL, NULL),
('User', '60', NULL, NULL),
('User', '61', NULL, NULL),
('User', '62', NULL, NULL),
('User', '63', NULL, NULL),
('User', '64', NULL, NULL),
('Authority', '65', '', 's:0:"";'),
('Prepod', '81', '', 's:0:"";'),
('User', '66', NULL, NULL),
('User', '67', NULL, NULL),
('User', '68', NULL, NULL),
('User', '69', NULL, NULL),
('User', '70', NULL, NULL),
('User', '71', NULL, NULL),
('User', '72', NULL, NULL),
('User', '73', NULL, NULL),
('User', '74', NULL, NULL),
('User', '75', NULL, NULL),
('User', '76', NULL, NULL),
('User', '77', NULL, NULL),
('User', '78', NULL, NULL),
('User', '79', NULL, NULL),
('User', '80', NULL, NULL),
('User', '129', NULL, NULL),
('User', '82', NULL, NULL),
('User', '83', NULL, NULL),
('User', '84', NULL, NULL),
('User', '85', NULL, NULL),
('User', '86', NULL, NULL),
('User', '87', NULL, NULL),
('User', '88', NULL, NULL),
('User', '89', NULL, NULL),
('User', '90', NULL, NULL),
('User', '111', NULL, NULL),
('User', '92', NULL, NULL),
('User', '93', NULL, NULL),
('User', '94', NULL, NULL),
('User', '95', NULL, NULL),
('User', '96', NULL, NULL),
('User', '97', NULL, NULL),
('User', '98', NULL, NULL),
('User', '99', NULL, NULL),
('User', '100', NULL, NULL),
('User', '101', NULL, NULL),
('User', '102', NULL, NULL),
('User', '103', NULL, NULL),
('User', '104', NULL, NULL),
('User', '105', NULL, NULL),
('User', '106', NULL, NULL),
('User', '107', NULL, NULL),
('User', '108', NULL, NULL),
('User', '110', NULL, NULL),
('Authority', '91', '', 's:0:"";'),
('User', '130', NULL, NULL),
('User', '112', NULL, NULL),
('User', '113', NULL, NULL),
('User', '114', NULL, NULL),
('User', '115', NULL, NULL),
('User', '116', NULL, NULL),
('User', '117', NULL, NULL),
('User', '118', NULL, NULL),
('User', '119', NULL, NULL),
('User', '120', NULL, NULL),
('User', '121', NULL, NULL),
('User', '122', NULL, NULL),
('User', '123', NULL, NULL),
('User', '124', NULL, NULL),
('User', '125', NULL, NULL),
('User', '126', NULL, NULL),
('User', '127', NULL, NULL),
('User', '134', NULL, NULL),
('User', '133', NULL, NULL),
('Prepod', '133', NULL, NULL),
('User', '132', NULL, NULL),
('Prepod', '134', NULL, NULL),
('Prepod', '135', '', 's:0:"";'),
('User', '136', NULL, NULL),
('User', '137', NULL, NULL),
('User', '138', NULL, NULL),
('User', '139', NULL, NULL),
('User', '140', NULL, NULL),
('User', '141', NULL, NULL),
('Prepod', '141', NULL, NULL),
('User', '142', NULL, NULL),
('User', '143', NULL, NULL),
('User', '144', NULL, NULL),
('User', '145', NULL, NULL);

-- --------------------------------------------------------

--
-- Структура таблицы `authassignment`
--

CREATE TABLE IF NOT EXISTS `authassignment` (
  `itemname` varchar(64) NOT NULL,
  `userid` varchar(64) NOT NULL,
  `bizrule` text,
  `data` text,
  PRIMARY KEY (`itemname`,`userid`)
) ENGINE=MyISAM DEFAULT CHARSET=utf8;

-- --------------------------------------------------------

--
-- Структура таблицы `authitem`
--

CREATE TABLE IF NOT EXISTS `authitem` (
  `name` varchar(64) NOT NULL,
  `type` int(11) NOT NULL,
  `description` text,
  `bizrule` text,
  `data` text,
  PRIMARY KEY (`name`)
) ENGINE=MyISAM DEFAULT CHARSET=utf8;

-- --------------------------------------------------------

--
-- Структура таблицы `authitemchild`
--

CREATE TABLE IF NOT EXISTS `authitemchild` (
  `parent` varchar(64) NOT NULL,
  `child` varchar(64) NOT NULL,
  PRIMARY KEY (`parent`,`child`),
  KEY `child` (`child`)
) ENGINE=MyISAM DEFAULT CHARSET=utf8;

-- --------------------------------------------------------

--
-- Структура таблицы `group_semestr_statistic`
--

CREATE TABLE IF NOT EXISTS `group_semestr_statistic` (
  `id` int(255) NOT NULL AUTO_INCREMENT,
  `group_id` int(255) NOT NULL,
  `semestr_id` int(255) NOT NULL,
  `statistic_id` int(255) NOT NULL,
  PRIMARY KEY (`id`)
) ENGINE=MyISAM DEFAULT CHARSET=utf8 AUTO_INCREMENT=1 ;

-- --------------------------------------------------------

--
-- Структура таблицы `itemchildren`
--

CREATE TABLE IF NOT EXISTS `itemchildren` (
  `parent` varchar(64) NOT NULL,
  `child` varchar(64) NOT NULL,
  PRIMARY KEY (`parent`,`child`),
  KEY `child` (`child`)
) ENGINE=MyISAM DEFAULT CHARSET=utf8;

--
-- Дамп данных таблицы `itemchildren`
--

INSERT INTO `itemchildren` (`parent`, `child`) VALUES
('Admin', 'CommentApprove'),
('Admin', 'CommentDelete'),
('Admin', 'CommentIndex'),
('Admin', 'ForumOpenUpdateForum'),
('Admin', 'ForumUpdateForum'),
('Admin', 'LibraryChangepredmets'),
('Admin', 'LibraryDeleteFile'),
('Admin', 'LibraryDownloads'),
('Admin', 'LibraryEditText'),
('Admin', 'LibraryPrepodpredmets'),
('Admin', 'LibraryUpload'),
('Admin', 'PostAddComment'),
('Admin', 'PostAdmin'),
('Admin', 'PostCreate'),
('Admin', 'PostDelete'),
('Admin', 'PostDeleteMyPost'),
('Admin', 'PostDeletePicterPost'),
('Admin', 'PostLk'),
('Admin', 'PostMyPost'),
('Admin', 'PostSuggestTags'),
('Admin', 'PostUpdate'),
('Admin', 'PostUploadPE'),
('Admin', 'ReestrGetSchedule'),
('Admin', 'SiteActivity'),
('Admin', 'SiteAproveModer'),
('Admin', 'SiteReject'),
('Admin', 'SiteSlide'),
('Admin', 'SlideAdmin'),
('Admin', 'SlideCreate'),
('Admin', 'SlideDelete'),
('Admin', 'SlideIndex'),
('Admin', 'SlideUpdate'),
('Admin', 'SlideView'),
('Admin', 'userAdmin@AdminAproveModer'),
('Admin', 'userAdmin@AdminBanuser'),
('Admin', 'userAdmin@AdminConfirm'),
('Admin', 'userAdmin@AdminCreateTaskPlan'),
('Admin', 'userAdmin@AdminDeleteGroup'),
('Admin', 'userAdmin@AdminDeleteGroupLeader'),
('Admin', 'userAdmin@AdmindeleteInstitute'),
('Admin', 'userAdmin@AdminDeletePredmet'),
('Admin', 'userAdmin@AdminDeleteUser'),
('Admin', 'userAdmin@AdminEditList'),
('Admin', 'userAdmin@AdminGetGroupLeader'),
('Admin', 'userAdmin@AdminGroup'),
('Admin', 'userAdmin@AdminGroupUsers'),
('Admin', 'userAdmin@AdminGroupview'),
('Admin', 'userAdmin@AdminGroupViews'),
('Admin', 'userAdmin@AdminIndex'),
('Admin', 'userAdmin@AdminInfogroup'),
('Admin', 'userAdmin@AdminInstitute'),
('Admin', 'userAdmin@AdminListBuild'),
('Admin', 'userAdmin@AdminMail'),
('Admin', 'userAdmin@AdminPodobiu'),
('Admin', 'userAdmin@AdminPredmet'),
('Admin', 'userAdmin@AdminPredmetedet'),
('Admin', 'userAdmin@AdminReject'),
('Admin', 'userAdmin@AdminsaveInfogroup'),
('Admin', 'userAdmin@AdminSelectPredmets'),
('Admin', 'userAdmin@AdminUpdateGroup'),
('Admin', 'userAdmin@AdminUpdatePredmet'),
('Admin', 'userAdmin@AdminUsers'),
('Admin', 'userAdmin@AdminWeek'),
('Admin', 'userAdmin@AdminZapolnit'),
('Admin', 'UserBanStudent'),
('Admin', 'UserClassmateBlokked'),
('Admin', 'UserDeleteActivity'),
('Admin', 'UserDeleteFileGroup'),
('Admin', 'UserDeleteScheduleDay'),
('Admin', 'UserDeleteSmallPost'),
('Admin', 'UserDeleteSPComment'),
('Admin', 'UserDeleteStudent'),
('Admin', 'UserDoorDownloadFile'),
('Admin', 'UserDownloadFile'),
('Admin', 'UserEdit'),
('Admin', 'UserEditProfile'),
('Admin', 'UserEditSchedule'),
('Admin', 'UserGroupfile'),
('Admin', 'UserIndex'),
('Admin', 'UserManageGroup'),
('Admin', 'UserMyGroup'),
('Admin', 'UserMyProfile'),
('Admin', 'UserNewScheduleDay'),
('Admin', 'UserNewSmallPost'),
('Admin', 'UserNewSmallPostComment'),
('Admin', 'UserObjectRating'),
('Admin', 'UserPredmetfile'),
('Admin', 'UserPublicfunctionactiobNewScheduleDay'),
('Admin', 'UserRazBanStudent'),
('Admin', 'UserSaveActivity'),
('Admin', 'UserSchedule'),
('Admin', 'UserUploadAvatar'),
('Admin', 'UserUploadfilegroup'),
('Authority', 'Admin'),
('ManageGroup', 'CommentApprove'),
('ManageGroup', 'CommentDelete'),
('ManageGroup', 'CommentIndex'),
('ManageGroup', 'ForumOpenUpdateForum'),
('ManageGroup', 'LibraryChangepredmets'),
('ManageGroup', 'LibraryDeleteFile'),
('ManageGroup', 'LibraryDownloads'),
('ManageGroup', 'LibraryEditText'),
('ManageGroup', 'LibraryPrepodpredmets'),
('ManageGroup', 'LibraryUpload'),
('ManageGroup', 'PostAddComment'),
('ManageGroup', 'PostAdmin'),
('ManageGroup', 'PostCreate'),
('ManageGroup', 'PostDelete'),
('ManageGroup', 'PostDeleteMyPost'),
('ManageGroup', 'PostDeletePicterPost'),
('ManageGroup', 'PostLk'),
('ManageGroup', 'PostMyPost'),
('ManageGroup', 'PostSuggestTags'),
('ManageGroup', 'PostUpdate'),
('ManageGroup', 'PostUploadPE'),
('ManageGroup', 'ReestrGetSchedule'),
('ManageGroup', 'SiteActivity'),
('ManageGroup', 'SiteAproveModer'),
('ManageGroup', 'SiteReject'),
('ManageGroup', 'SiteSlide'),
('ManageGroup', 'SlideAdmin'),
('ManageGroup', 'SlideCreate'),
('ManageGroup', 'SlideDelete'),
('ManageGroup', 'SlideIndex'),
('ManageGroup', 'SlideUpdate'),
('ManageGroup', 'SlideView'),
('ManageGroup', 'userAdmin@AdminAproveModer'),
('ManageGroup', 'userAdmin@AdminBanuser'),
('ManageGroup', 'userAdmin@AdminConfirm'),
('ManageGroup', 'userAdmin@AdminCreateTaskPlan'),
('ManageGroup', 'userAdmin@AdminDeleteGroup'),
('ManageGroup', 'userAdmin@AdminDeleteGroupLeader'),
('ManageGroup', 'userAdmin@AdmindeleteInstitute'),
('ManageGroup', 'userAdmin@AdminDeletePredmet'),
('ManageGroup', 'userAdmin@AdminDeleteUser'),
('ManageGroup', 'userAdmin@AdminEditList'),
('ManageGroup', 'userAdmin@AdminGetGroupLeader'),
('ManageGroup', 'userAdmin@AdminGroup'),
('ManageGroup', 'userAdmin@AdminGroupUsers'),
('ManageGroup', 'userAdmin@AdminGroupview'),
('ManageGroup', 'userAdmin@AdminGroupViews'),
('ManageGroup', 'userAdmin@AdminIndex'),
('ManageGroup', 'userAdmin@AdminInfogroup'),
('ManageGroup', 'userAdmin@AdminInstitute'),
('ManageGroup', 'userAdmin@AdminListBuild'),
('ManageGroup', 'userAdmin@AdminMail'),
('ManageGroup', 'userAdmin@AdminPodobiu'),
('ManageGroup', 'userAdmin@AdminPredmet'),
('ManageGroup', 'userAdmin@AdminPredmetedet'),
('ManageGroup', 'userAdmin@AdminReject'),
('ManageGroup', 'userAdmin@AdminsaveInfogroup'),
('ManageGroup', 'userAdmin@AdminSelectPredmets'),
('ManageGroup', 'userAdmin@AdminUpdateGroup'),
('ManageGroup', 'userAdmin@AdminUpdatePredmet'),
('ManageGroup', 'userAdmin@AdminUsers'),
('ManageGroup', 'userAdmin@AdminWeek'),
('ManageGroup', 'userAdmin@AdminZapolnit'),
('ManageGroup', 'UserBanStudent'),
('ManageGroup', 'UserClassmateBlokked'),
('ManageGroup', 'UserDeleteActivity'),
('ManageGroup', 'UserDeleteFileGroup'),
('ManageGroup', 'UserDeleteScheduleDay'),
('ManageGroup', 'UserDeleteSmallPost'),
('ManageGroup', 'UserDeleteSPComment'),
('ManageGroup', 'UserDeleteStudent'),
('ManageGroup', 'UserDoorDownloadFile'),
('ManageGroup', 'UserDownloadFile'),
('ManageGroup', 'UserEdit'),
('ManageGroup', 'UserEditProfile'),
('ManageGroup', 'UserEditSchedule'),
('ManageGroup', 'UserGroupfile'),
('ManageGroup', 'UserIndex'),
('ManageGroup', 'UserManageGroup'),
('ManageGroup', 'UserMyGroup'),
('ManageGroup', 'UserMyProfile'),
('ManageGroup', 'UserNewScheduleDay'),
('ManageGroup', 'UserNewSmallPost'),
('ManageGroup', 'UserNewSmallPostComment'),
('ManageGroup', 'UserObjectRating'),
('ManageGroup', 'UserPredmetfile'),
('ManageGroup', 'UserPublicfunctionactiobNewScheduleDay'),
('ManageGroup', 'UserRazBanStudent'),
('ManageGroup', 'UserSaveActivity'),
('ManageGroup', 'UserSchedule'),
('ManageGroup', 'UserUploadAvatar'),
('ManageGroup', 'UserUploadfilegroup'),
('ManegerGroup', 'ManageGroup'),
('Prepod', 'teacher'),
('Student', 'LibraryChangepredmets'),
('Student', 'LibraryDeleteFile'),
('Student', 'LibraryDownloads'),
('Student', 'LibraryEditText'),
('Student', 'LibraryPrepodpredmets'),
('Student', 'LibraryUpload'),
('Student', 'PostAddComment'),
('Student', 'PostCreate'),
('Student', 'PostDelete'),
('Student', 'PostDeleteMyPost'),
('Student', 'PostDeletePicterPost'),
('Student', 'PostLk'),
('Student', 'PostMyPost'),
('Student', 'PostUpdate'),
('Student', 'PostUploadPE'),
('Student', 'SiteActivity'),
('Student', 'UserDeleteActivity'),
('Student', 'UserDeleteFileGroup'),
('Student', 'UserDeleteScheduleDay'),
('Student', 'UserDeleteSmallPost'),
('Student', 'UserDeleteSPComment'),
('Student', 'UserDoorDownloadFile'),
('Student', 'UserDownloadFile'),
('Student', 'UserEdit'),
('Student', 'UserEditProfile'),
('Student', 'UserEditSchedule'),
('Student', 'UserGroupfile'),
('Student', 'UserIndex'),
('Student', 'UserMyGroup'),
('Student', 'UserMyProfile'),
('Student', 'UserNewScheduleDay'),
('Student', 'UserNewSmallPost'),
('Student', 'UserNewSmallPostComment'),
('Student', 'UserObjectRating'),
('Student', 'UserPublicfunctionactiobNewScheduleDay'),
('Student', 'UserSaveActivity'),
('Student', 'UserSchedule'),
('Student', 'UserUploadAvatar'),
('Student', 'UserUploadfilegroup'),
('teacher', 'CommentApprove'),
('teacher', 'CommentDelete'),
('teacher', 'CommentIndex'),
('teacher', 'LibraryChangepredmets'),
('teacher', 'LibraryDeleteFile'),
('teacher', 'LibraryDownloads'),
('teacher', 'LibraryEditText'),
('teacher', 'LibraryPrepodpredmets'),
('teacher', 'LibraryUpload'),
('teacher', 'PostAddComment'),
('teacher', 'PostAdmin'),
('teacher', 'PostCreate'),
('teacher', 'PostDelete'),
('teacher', 'PostDeleteMyPost'),
('teacher', 'PostDeletePicterPost'),
('teacher', 'PostLk'),
('teacher', 'PostMyPost'),
('teacher', 'PostSuggestTags'),
('teacher', 'PostUpdate'),
('teacher', 'PostUploadPE'),
('teacher', 'ReestrGetSchedule'),
('teacher', 'SiteActivity'),
('teacher', 'SiteAproveModer'),
('teacher', 'SiteReject'),
('teacher', 'SiteSlide'),
('teacher', 'SlideAdmin'),
('teacher', 'SlideCreate'),
('teacher', 'SlideDelete'),
('teacher', 'SlideIndex'),
('teacher', 'SlideUpdate'),
('teacher', 'SlideView'),
('teacher', 'userAdmin@AdminAproveModer'),
('teacher', 'userAdmin@AdminConfirm'),
('teacher', 'userAdmin@AdminCreateTaskPlan'),
('teacher', 'userAdmin@AdminDeleteGroup'),
('teacher', 'userAdmin@AdminDeleteGroupLeader'),
('teacher', 'userAdmin@AdmindeleteInstitute'),
('teacher', 'userAdmin@AdminDeletePredmet'),
('teacher', 'userAdmin@AdminDeleteUser'),
('teacher', 'userAdmin@AdminEditList'),
('teacher', 'userAdmin@AdminGetGroupLeader'),
('teacher', 'userAdmin@AdminGroup'),
('teacher', 'userAdmin@AdminGroupUsers'),
('teacher', 'userAdmin@AdminGroupview'),
('teacher', 'userAdmin@AdminGroupViews'),
('teacher', 'userAdmin@AdminIndex'),
('teacher', 'userAdmin@AdminInfogroup'),
('teacher', 'userAdmin@AdminInstitute'),
('teacher', 'userAdmin@AdminListBuild'),
('teacher', 'userAdmin@AdminMail'),
('teacher', 'userAdmin@AdminPodobiu'),
('teacher', 'userAdmin@AdminPredmet'),
('teacher', 'userAdmin@AdminPredmetedet'),
('teacher', 'userAdmin@AdminReject'),
('teacher', 'userAdmin@AdminsaveInfogroup'),
('teacher', 'userAdmin@AdminSelectPredmets'),
('teacher', 'userAdmin@AdminUpdateGroup'),
('teacher', 'userAdmin@AdminUpdatePredmet'),
('teacher', 'userAdmin@AdminUsers'),
('teacher', 'userAdmin@AdminWeek'),
('teacher', 'userAdmin@AdminZapolnit'),
('teacher', 'UserBanStudent'),
('teacher', 'UserClassmateBlokked'),
('teacher', 'UserDeleteActivity'),
('teacher', 'UserDeleteFileGroup'),
('teacher', 'UserDeleteScheduleDay'),
('teacher', 'UserDeleteSmallPost'),
('teacher', 'UserDeleteSPComment'),
('teacher', 'UserDeleteStudent'),
('teacher', 'UserDoorDownloadFile'),
('teacher', 'UserDownloadFile'),
('teacher', 'UserEdit'),
('teacher', 'UserEditProfile'),
('teacher', 'UserEditSchedule'),
('teacher', 'UserGroupfile'),
('teacher', 'UserIndex'),
('teacher', 'UserManageGroup'),
('teacher', 'UserMyGroup'),
('teacher', 'UserMyProfile'),
('teacher', 'UserNewScheduleDay'),
('teacher', 'UserNewSmallPost'),
('teacher', 'UserNewSmallPostComment'),
('teacher', 'UserObjectRating'),
('teacher', 'UserPredmetfile'),
('teacher', 'UserPublicfunctionactiobNewScheduleDay'),
('teacher', 'UserRazBanStudent'),
('teacher', 'UserSaveActivity'),
('teacher', 'UserSchedule'),
('teacher', 'UserUploadAvatar'),
('teacher', 'UserUploadfilegroup'),
('User', 'Student');

-- --------------------------------------------------------

--
-- Структура таблицы `items`
--

CREATE TABLE IF NOT EXISTS `items` (
  `name` varchar(64) NOT NULL,
  `type` int(11) NOT NULL,
  `description` text,
  `bizrule` text,
  `data` text,
  PRIMARY KEY (`name`)
) ENGINE=MyISAM DEFAULT CHARSET=utf8;

--
-- Дамп данных таблицы `items`
--

INSERT INTO `items` (`name`, `type`, `description`, `bizrule`, `data`) VALUES
('UserPredmetfile', 0, NULL, NULL, 'N;'),
('Authority', 2, NULL, NULL, NULL),
('ManageGroup', 1, '', '', 's:0:"";'),
('CommentApprove', 0, NULL, NULL, 'N;'),
('CommentDelete', 0, NULL, NULL, 'N;'),
('CommentIndex', 0, NULL, NULL, 'N;'),
('Student', 1, '', '', 's:0:"";'),
('ManegerGroup', 2, '', '', 's:0:"";'),
('Admin', 1, '', '', 's:0:"";'),
('PostAdmin', 0, NULL, NULL, 'N;'),
('PostCreate', 0, NULL, NULL, 'N;'),
('PostDelete', 0, NULL, NULL, 'N;'),
('PostSuggestTags', 0, NULL, NULL, 'N;'),
('PostUpdate', 0, NULL, NULL, 'N;'),
('PostUploadPE', 0, NULL, NULL, 'N;'),
('SiteAproveModer', 0, NULL, NULL, 'N;'),
('User', 2, NULL, NULL, NULL),
('PostLk', 0, NULL, NULL, 'N;'),
('SiteReject', 0, NULL, NULL, 'N;'),
('UserIndex', 0, NULL, NULL, 'N;'),
('UserEdit', 0, NULL, NULL, 'N;'),
('UserEditProfile', 0, NULL, NULL, 'N;'),
('UserUploadAvatar', 0, NULL, NULL, 'N;'),
('userAdmin@AdminIndex', 0, NULL, NULL, 'N;'),
('userAdmin@AdminMail', 0, NULL, NULL, 'N;'),
('userAdmin@AdminUsers', 0, NULL, NULL, 'N;'),
('userAdmin@AdminAproveModer', 0, NULL, NULL, 'N;'),
('userAdmin@AdminPredmet', 0, NULL, NULL, 'N;'),
('userAdmin@AdminDeletePredmet', 0, NULL, NULL, 'N;'),
('userAdmin@AdminUpdatePredmet', 0, NULL, NULL, 'N;'),
('userAdmin@AdminGroup', 0, NULL, NULL, 'N;'),
('userAdmin@AdminDeleteGroup', 0, NULL, NULL, 'N;'),
('userAdmin@AdminUpdateGroup', 0, NULL, NULL, 'N;'),
('userAdmin@AdminGroupViews', 0, NULL, NULL, 'N;'),
('userAdmin@AdminGroupview', 0, NULL, NULL, 'N;'),
('userAdmin@AdminSelectPredmets', 0, NULL, NULL, 'N;'),
('userAdmin@AdminCreateTaskPlan', 0, NULL, NULL, 'N;'),
('userAdmin@AdminListBuild', 0, NULL, NULL, 'N;'),
('userAdmin@AdminPredmetedet', 0, NULL, NULL, 'N;'),
('userAdmin@AdminConfirm', 0, NULL, NULL, 'N;'),
('userAdmin@AdminReject', 0, NULL, NULL, 'N;'),
('userAdmin@AdminGroupUsers', 0, NULL, NULL, 'N;'),
('userAdmin@AdminGetGroupLeader', 0, NULL, NULL, 'N;'),
('userAdmin@AdminDeleteGroupLeader', 0, NULL, NULL, 'N;'),
('userAdmin@AdminEditList', 0, NULL, NULL, 'N;'),
('UserMyGroup', 0, NULL, NULL, 'N;'),
('UserSchedule', 0, NULL, NULL, 'N;'),
('UserObjectRating', 0, NULL, NULL, 'N;'),
('PostAddComment', 0, NULL, NULL, 'N;'),
('UserEditSchedule', 0, NULL, NULL, 'N;'),
('UserPublicfunctionactiobNewScheduleDay', 0, NULL, NULL, 'N;'),
('UserNewScheduleDay', 0, NULL, NULL, 'N;'),
('UserDeleteScheduleDay', 0, NULL, NULL, 'N;'),
('userAdmin@AdminWeek', 0, NULL, NULL, 'N;'),
('UserNewSmallPost', 0, NULL, NULL, 'N;'),
('UserDeleteSmallPost', 0, NULL, NULL, 'N;'),
('UserNewSmallPostComment', 0, NULL, NULL, 'N;'),
('UserDeleteSPComment', 0, NULL, NULL, 'N;'),
('UserBanStudent', 0, NULL, NULL, 'N;'),
('UserDeleteStudent', 0, NULL, NULL, 'N;'),
('PostDeletePicterPost', 0, NULL, NULL, 'N;'),
('UserDownloadFile', 0, NULL, NULL, 'N;'),
('teacher', 1, '', '', 's:0:"";'),
('UserUploadfilegroup', 0, NULL, NULL, 'N;'),
('UserDeleteFileGroup', 0, NULL, NULL, 'N;'),
('UserMyProfile', 0, NULL, NULL, 'N;'),
('UserGroupfile', 0, NULL, NULL, 'N;'),
('UserManageGroup', 0, NULL, NULL, 'N;'),
('UserClassmateBlokked', 0, NULL, NULL, 'N;'),
('ReestrGetSchedule', 0, NULL, NULL, 'N;'),
('SiteActivity', 0, NULL, NULL, 'N;'),
('UserDeleteActivity', 0, NULL, NULL, 'N;'),
('UserSaveActivity', 0, NULL, NULL, 'N;'),
('SiteSlide', 0, NULL, NULL, 'N;'),
('Prepod', 2, '', '', 's:0:"";'),
('UserRazBanStudent', 0, NULL, NULL, 'N;'),
('SlideView', 0, NULL, NULL, 'N;'),
('SlideCreate', 0, NULL, NULL, 'N;'),
('SlideUpdate', 0, NULL, NULL, 'N;'),
('SlideDelete', 0, NULL, NULL, 'N;'),
('SlideIndex', 0, NULL, NULL, 'N;'),
('SlideAdmin', 0, NULL, NULL, 'N;'),
('userAdmin@AdminDeleteUser', 0, NULL, NULL, 'N;'),
('userAdmin@AdminPodobiu', 0, NULL, NULL, 'N;'),
('userAdmin@AdminZapolnit', 0, NULL, NULL, 'N;'),
('userAdmin@AdminInfogroup', 0, NULL, NULL, 'N;'),
('userAdmin@AdminsaveInfogroup', 0, NULL, NULL, 'N;'),
('LibraryUpload', 0, NULL, NULL, 'N;'),
('LibraryPrepodpredmets', 0, NULL, NULL, 'N;'),
('LibraryChangepredmets', 0, NULL, NULL, 'N;'),
('LibraryDownloads', 0, NULL, NULL, 'N;'),
('LibraryDeleteFile', 0, NULL, NULL, 'N;'),
('userAdmin@AdminInstitute', 0, NULL, NULL, 'N;'),
('userAdmin@AdmindeleteInstitute', 0, NULL, NULL, 'N;'),
('LibraryEditText', 0, NULL, NULL, 'N;'),
('UserDoorDownloadFile', 0, NULL, NULL, 'N;'),
('PostMyPost', 0, NULL, NULL, 'N;'),
('PostDeleteMyPost', 0, NULL, NULL, 'N;'),
('userAdmin@AdminBanuser', 0, NULL, NULL, 'N;'),
('ForumOpenUpdateForum', 0, NULL, NULL, 'N;'),
('ForumUpdateForum', 0, NULL, NULL, 'N;');

-- --------------------------------------------------------

--
-- Структура таблицы `statistic`
--

CREATE TABLE IF NOT EXISTS `statistic` (
  `id` int(255) NOT NULL AUTO_INCREMENT,
  `otl` int(255) NOT NULL,
  `hor` int(255) NOT NULL,
  `udov` int(255) NOT NULL,
  PRIMARY KEY (`id`)
) ENGINE=MyISAM DEFAULT CHARSET=utf8 AUTO_INCREMENT=1 ;

-- --------------------------------------------------------

--
-- Структура таблицы `tbl_academic_year`
--

CREATE TABLE IF NOT EXISTS `tbl_academic_year` (
  `id` int(128) NOT NULL AUTO_INCREMENT,
  `name` varchar(128) NOT NULL,
  `start` int(128) NOT NULL,
  `end` int(128) NOT NULL,
  PRIMARY KEY (`id`)
) ENGINE=MyISAM  DEFAULT CHARSET=utf8 AUTO_INCREMENT=14 ;

--
-- Дамп данных таблицы `tbl_academic_year`
--

INSERT INTO `tbl_academic_year` (`id`, `name`, `start`, `end`) VALUES
(1, '2005-2006', 2005, 2006),
(2, '2006-2007', 2006, 2007),
(3, '2007-2008', 2007, 2008),
(4, '2008-2009', 2008, 2009),
(5, '2009-2010', 2009, 2010),
(6, '2010-2011', 2010, 2011),
(7, '2011-2012', 2011, 2012),
(8, '2012-2013', 2012, 2013),
(9, '2013-2014', 2013, 2014),
(10, '2014-2015', 2014, 2015),
(11, '2015-2016', 2015, 2016),
(12, '2016-2017', 2016, 2017),
(13, '2017-2018', 2017, 2018);

-- --------------------------------------------------------

--
-- Структура таблицы `tbl_activity`
--

CREATE TABLE IF NOT EXISTS `tbl_activity` (
  `id` int(11) NOT NULL AUTO_INCREMENT,
  `magnite_date` varchar(255) NOT NULL,
  `title` varchar(255) NOT NULL,
  `content` varchar(255) NOT NULL,
  `day` varchar(16) NOT NULL,
  `mounth` varchar(16) NOT NULL,
  `year` varchar(16) NOT NULL,
  PRIMARY KEY (`id`)
) ENGINE=MyISAM  DEFAULT CHARSET=utf8 AUTO_INCREMENT=46 ;

--
-- Дамп данных таблицы `tbl_activity`
--

INSERT INTO `tbl_activity` (`id`, `magnite_date`, `title`, `content`, `day`, `mounth`, `year`) VALUES
(18, '02/20/2013', 'Тинчуринские чтения', '(дата пока точно не известна)', '20', '02', '2013'),
(25, '03/12/2013', 'мастер-класс', 'Лекция на тему «Основы технологических процессов на ТЭС»', '12', '03', '2013'),
(21, '03/11/2013', 'мастер-класс', 'Экскурсия в филиал ООО «КЭР-Инжиниринг» «КЭР-Автоматика»', '11', '03', '2013'),
(24, '03/13/2013', 'мастер-класс', 'Лекция на тему «Основы технологических процессов на ТЭС»', '13', '03', '2013'),
(31, '03/14/2013', 'мастер-класс', 'Лекция на тему «Основы технологических процессов на ТЭС». Мини-конкурсы', '14', '03', '2013'),
(32, '03/08/2013', 'Переезд сайта на новый хостинг', 'Сайт будет недоступен начиная с 8 часов вечера и до следующего утра', '08', '03', '2013'),
(45, '07/06/2013', 'Курсы программирования', 'Будем рады всем желающим. Начало в 11:00. (js, css, html, php)', '06', '07', '2013'),
(44, '06/29/2013', 'Курсы программирования', 'Будем рады всем желающим. Начало в 11:00. (js, css, html, php)', '29', '06', '2013');

-- --------------------------------------------------------

--
-- Структура таблицы `tbl_cafedra`
--

CREATE TABLE IF NOT EXISTS `tbl_cafedra` (
  `id` int(11) NOT NULL AUTO_INCREMENT,
  `name` varchar(255) NOT NULL,
  PRIMARY KEY (`id`)
) ENGINE=MyISAM  DEFAULT CHARSET=utf8 AUTO_INCREMENT=49 ;

--
-- Дамп данных таблицы `tbl_cafedra`
--

INSERT INTO `tbl_cafedra` (`id`, `name`) VALUES
(18, 'Тепловые электрические станции'),
(7, 'Экономика и организация производства'),
(8, 'Инженерный менеджмент'),
(9, 'Политология и право'),
(10, 'Социология'),
(11, 'Педагогика и психология профессионального образования'),
(12, 'Философия'),
(13, 'Иностранные языки'),
(14, 'Документоведение'),
(15, 'Русский и татарский языки'),
(16, 'История, культурология и архивоведение'),
(17, 'Инженерная графика'),
(19, 'Промышленная теплоэнергетика'),
(20, 'Динамика и прочность машин'),
(21, 'Теоретические основы теплотехники'),
(22, 'Энергообеспечение предприятий агропромышленного комплекса'),
(23, 'Химия'),
(24, 'Физическое воспитание'),
(25, 'Энергообеспечение предприятий и энергоресурсосберегающие технологии'),
(26, 'Технология воды и топлива'),
(27, 'Промышленные теплоэнергетические установки и системы теплоснабжения'),
(28, 'Автоматизация технологических процессов и производств'),
(29, 'Электромеханика энергосистем и силового оборудования'),
(30, 'Водные биоресурсы и аквакультура'),
(31, 'Газотурбинные энергоустановки и двигатели'),
(32, 'Электрические станции'),
(33, 'Электроснабжение промышленных предприятий'),
(34, 'Безопасность жизнедеятельности'),
(35, 'Инженерная кибернетика'),
(36, 'Теоретические основы электротехники'),
(37, 'Информатика и информационно-управляющие системы'),
(38, 'Промышленная электроника'),
(39, 'Светотехника и медико-биологическая электроника'),
(40, 'Электроэнергетические системы и сети'),
(41, 'Высшая математика'),
(42, 'Физика'),
(43, 'Электропривод и автоматизация промышленных установок и технологических комплексов'),
(44, 'Материаловедение и технология материалов'),
(45, 'Электрооборудование и электрохозяйство предприятий, организаций и учреждений'),
(46, 'Электрический транспорт'),
(47, 'Релейная защита и автоматизация электроэнергетических систем'),
(48, 'Инженерная экология и рациональное природопользование');

-- --------------------------------------------------------

--
-- Структура таблицы `tbl_comment`
--

CREATE TABLE IF NOT EXISTS `tbl_comment` (
  `id` int(11) NOT NULL AUTO_INCREMENT,
  `content` text NOT NULL,
  `create_time` int(11) DEFAULT NULL,
  `url` varchar(128) DEFAULT NULL,
  `post_id` int(11) NOT NULL,
  `profile_id` int(255) NOT NULL,
  `status` int(128) NOT NULL DEFAULT '2',
  `rating` int(255) DEFAULT NULL,
  PRIMARY KEY (`id`),
  KEY `FK_comment_post` (`post_id`)
) ENGINE=MyISAM  DEFAULT CHARSET=utf8 AUTO_INCREMENT=97 ;

--
-- Дамп данных таблицы `tbl_comment`
--

INSERT INTO `tbl_comment` (`id`, `content`, `create_time`, `url`, `post_id`, `profile_id`, `status`, `rating`) VALUES
(79, 'я иду на мастер-класс\r\nучаствую в конкурсе по конструкции турбины', 1361522859, NULL, 6, 53, 2, 6),
(80, 'Иду на мастер - класс.\r\nУчаствую в конкурсе по конструкции турбины.', 1361523318, NULL, 6, 46, 2, 4),
(81, 'Расскажите, что за конкурс )', 1361523842, NULL, 6, 22, 2, 0),
(82, 'Иду на мастер-класс.\r\nУчаствую в конкурсе по конструкции турбины)', 1361552343, NULL, 6, 54, 2, 1),
(83, 'Иду на мастер-класс.\r\nУчаствую в конкурсе по конструкции турбины.', 1361553232, NULL, 6, 47, 2, 1),
(84, 'иду на мастер-класс и участвую в конкурсе по конструкции турбины. ', 1361790422, NULL, 6, 42, 2, 1),
(86, 'Я иду на мастер-класс, участвую в конкурсе по конструкции турбины.', 1361893490, NULL, 6, 57, 2, 1),
(85, 'я тоже иду на мастер-класс', 1361878302, NULL, 6, 27, 2, 1),
(87, 'Буду на мастер-классе))', 1361897390, NULL, 6, 58, 2, 1),
(88, 'Иду на мастер-класс', 1361899071, NULL, 6, 59, 2, 1),
(89, 'Иду на мастер-класс', 1361899405, NULL, 6, 60, 2, 1),
(90, 'Иду на мастер-класс', 1361948528, NULL, 6, 61, 2, 1),
(91, 'Иду на мастер-класс', 1362217442, NULL, 6, 62, 2, 1),
(92, '', 1373099419, NULL, 0, 27, 2, NULL),
(93, 'я вам завидую) мне кажется там было круто!', 1373957620, NULL, 18, 22, 2, NULL),
(94, 'Молодец Алия!', 1373957641, NULL, 18, 22, 2, NULL),
(95, 'Да, там было весело. Даже немного скучаю :)', 1374042616, NULL, 18, 27, 2, NULL),
(96, 'asdasd', 1378715083, NULL, 8, 22, 2, NULL);

-- --------------------------------------------------------

--
-- Структура таблицы `tbl_contact`
--

CREATE TABLE IF NOT EXISTS `tbl_contact` (
  `id` int(11) NOT NULL AUTO_INCREMENT,
  `name` varchar(255) NOT NULL,
  `email` varchar(255) NOT NULL,
  `body` text NOT NULL,
  `create_time` int(11) DEFAULT NULL,
  PRIMARY KEY (`id`)
) ENGINE=MyISAM  DEFAULT CHARSET=utf8 AUTO_INCREMENT=11 ;

--
-- Дамп данных таблицы `tbl_contact`
--

INSERT INTO `tbl_contact` (`id`, `name`, `email`, `body`, `create_time`) VALUES
(10, 'asdasd', 'asdas@as.ru', 'asdasd', 1345548935);

-- --------------------------------------------------------

--
-- Структура таблицы `tbl_discussion`
--

CREATE TABLE IF NOT EXISTS `tbl_discussion` (
  `id` int(255) NOT NULL AUTO_INCREMENT,
  `profile_id` int(255) NOT NULL,
  `parent_id` int(255) DEFAULT NULL,
  `date` datetime NOT NULL,
  `content` text NOT NULL,
  `group_id` int(255) NOT NULL,
  `last_update` int(255) DEFAULT NULL,
  `rating` int(11) DEFAULT '0',
  PRIMARY KEY (`id`)
) ENGINE=MyISAM  DEFAULT CHARSET=utf8 AUTO_INCREMENT=33 ;

--
-- Дамп данных таблицы `tbl_discussion`
--

INSERT INTO `tbl_discussion` (`id`, `profile_id`, `parent_id`, `date`, `content`, `group_id`, `last_update`, `rating`) VALUES
(3, 22, NULL, '2013-02-12 09:35:37', 'раз раз проверка связи', 1, 1360731070, 0),
(4, 27, 3, '2013-02-12 09:57:17', 'перекличка?', 1, 1360695437, 0),
(5, 22, 3, '2013-02-13 07:51:10', 'ну)', 1, 1360731070, 0),
(6, 23, NULL, '2013-02-15 02:27:10', 'кто есть отзовись)', 5, 1362177070, 0),
(7, 29, 6, '2013-03-02 02:31:10', 'я есть<div>боюсь идти в институт посоветуйте как с этим бороться</div>', 5, 1362177070, 0),
(8, 57, NULL, '2013-03-02 12:11:24', 'Когда вебстароста расписание сделает???', 6, 1362211884, 0),
(13, 22, 12, '2013-04-13 08:50:23', 'а есть ссылка на его проект?', 9999999, 1365871823, 0),
(12, 35, NULL, '2013-04-12 06:36:32', 'Заявка Рамиса Хаматханова в конкурсе "Энергоидея" выиграла в региональном отборе и перешла в федеральный тур (http://энергоидея.рф/). Продолжаем болеть за него.<br>Так же ищем студентов, готовых активно участвовать в конкурсах и конференциях.<br>', 999999, 1365996674, 1),
(14, 35, 12, '2013-04-15 07:31:14', 'сам проект не выкладывается на сайте, есть лишь список победителей - в ворде (доступен на сайте для скачивания).<br>', 9999999, 1365996674, 0),
(15, 35, NULL, '2013-04-15 07:32:19', 'Энергопрорыв http://energyinsight.ru/ и http://gridology.ru/energyinsight.', 999999, 1366623292, 2),
(16, 35, 15, '2013-04-15 07:35:43', 'От нас 2 заявки. Хаматханов Р.Ф. уже http://gridology.ru/users/246<br>и на этой неделе наверное будет Макарушкин Данила. Можно регистрироваться на сайте и поддерживать своих.<br>', 9999999, 1365996943, 0),
(17, 35, NULL, '2013-04-15 07:57:14', 'Конференции.', 999999, 1366623283, 2),
(21, 35, 17, '2013-04-15 09:35:18', 'Хакимуллина А. сейчас в Томске http://portal.tpu.ru/science/konf/ctt<br>Тараканов Т. будет в Иваново 23-25 апреля http://ispu.ru/node/11055<br>Хаматханов Р. будет в Иваново29-31 мая http://ispu.ru/node/11031\n                ', 9999999, 1366047318, 0),
(22, 22, 17, '2013-04-22 01:34:43', 'было бы здорово если бы они потом создали новости с фотоотчетом)', 9999999, 1366623283, 0),
(24, 35, NULL, '2013-06-16 07:27:27', 'Молодежный форум ПФО «iВолга 2013» http://ivolgaforum.ru/<br>Хакимуллина Алия (УИТ-1-09) и Галиев Азат (УИТ-1-10) примут участие в смене "Строительство и ЖКХ" с совместным проектом кафедр АТПП, ЭОП и МИЦ КГЭУ "Энергия" с 18 по 28 июня.<br>', 999999, 1371396447, 2),
(26, 73, 25, '2013-06-27 01:30:09', 'http://atpp.in/user/editprofile/132', 9999999, 1372325409, 0),
(27, 73, 25, '2013-06-27 01:30:11', 'http://atpp.in/user/editprofile/132', 9999999, 1372325411, 0);

-- --------------------------------------------------------

--
-- Структура таблицы `tbl_filetopost`
--

CREATE TABLE IF NOT EXISTS `tbl_filetopost` (
  `post_id` int(11) NOT NULL,
  `file_id` int(11) NOT NULL,
  PRIMARY KEY (`post_id`,`file_id`)
) ENGINE=MyISAM DEFAULT CHARSET=utf8;

--
-- Дамп данных таблицы `tbl_filetopost`
--

INSERT INTO `tbl_filetopost` (`post_id`, `file_id`) VALUES
(1, 42),
(1, 43),
(1, 44),
(1, 45),
(1, 46),
(1, 47),
(1, 48),
(1, 49),
(1, 50),
(1, 51),
(1, 52),
(1, 53),
(1, 54),
(1, 55),
(1, 56),
(1, 57),
(1, 58),
(1, 59),
(1, 60),
(1, 61),
(1, 62),
(1, 63),
(1, 64),
(1, 65),
(1, 66),
(1, 67),
(1, 68),
(1, 69),
(1, 70),
(1, 71),
(1, 72),
(1, 73),
(1, 74),
(1, 75),
(1, 76),
(1, 77),
(1, 78),
(1, 79),
(1, 80),
(1, 81),
(1, 82),
(1, 83),
(1, 84),
(1, 85),
(1, 86),
(1, 87),
(1, 88),
(1, 89),
(1, 90),
(1, 91),
(1, 92),
(1, 93),
(1, 94),
(1, 95),
(1, 96),
(1, 97),
(1, 98),
(1, 99),
(1, 100),
(1, 101),
(1, 102),
(1, 103),
(1, 104),
(1, 105),
(1, 106),
(1, 107),
(1, 108),
(1, 109),
(1, 110),
(1, 111),
(1, 112),
(1, 113),
(1, 114),
(1, 115),
(1, 116),
(1, 117),
(1, 118),
(1, 119),
(1, 120),
(1, 121),
(1, 122),
(1, 123),
(1, 124),
(1, 125),
(1, 126),
(1, 127),
(1, 128),
(1, 129),
(1, 130),
(1, 131),
(1, 132),
(1, 133),
(1, 134),
(1, 135),
(1, 136),
(1, 137),
(1, 138),
(1, 139),
(1, 140),
(1, 141),
(1, 142),
(1, 143),
(1, 144),
(1, 145),
(1, 146),
(1, 147),
(1, 148),
(1, 149),
(1, 150),
(1, 151),
(1, 152),
(1, 153),
(1, 154),
(1, 155),
(1, 156),
(1, 157),
(1, 158),
(1, 159),
(1, 160),
(1, 161),
(1, 162),
(1, 163),
(1, 164),
(1, 165),
(1, 166),
(1, 167),
(1, 168),
(1, 169),
(1, 170),
(1, 171),
(1, 172),
(1, 173),
(1, 174),
(1, 175),
(1, 176),
(1, 177),
(1, 178),
(1, 179),
(1, 180),
(1, 181),
(1, 182),
(1, 183),
(1, 184),
(1, 185),
(1, 186),
(1, 187),
(1, 188),
(1, 189),
(2, 190),
(2, 191),
(2, 192),
(2, 193),
(2, 194),
(2, 195),
(2, 196),
(2, 197),
(2, 198),
(2, 199),
(2, 200),
(2, 201),
(2, 202),
(2, 203),
(2, 204),
(2, 205),
(2, 206),
(2, 207),
(2, 208),
(2, 209),
(2, 210),
(2, 211),
(2, 212),
(2, 213),
(2, 214),
(3, 216),
(3, 217),
(3, 218),
(3, 219),
(3, 220),
(3, 221),
(3, 222),
(3, 223),
(3, 224),
(3, 225),
(3, 226),
(3, 227),
(3, 228),
(3, 229),
(3, 230),
(3, 231),
(3, 232),
(3, 233),
(3, 234),
(3, 235),
(4, 239),
(6, 244),
(8, 259),
(15, 290),
(15, 291),
(15, 292),
(15, 293),
(15, 294),
(15, 295),
(15, 296),
(15, 297),
(15, 298),
(15, 299),
(15, 300),
(15, 301),
(15, 302),
(15, 303),
(15, 304),
(15, 305),
(15, 306),
(15, 307),
(15, 308),
(15, 309),
(15, 310),
(15, 311),
(15, 312),
(15, 313),
(15, 314),
(15, 315),
(15, 316),
(15, 317),
(15, 318),
(15, 319),
(15, 320),
(15, 321),
(15, 322),
(15, 323),
(15, 324),
(15, 325),
(15, 326),
(15, 327),
(15, 328),
(15, 329),
(16, 368),
(16, 369),
(16, 370),
(16, 371),
(16, 372),
(16, 373),
(16, 374),
(16, 375),
(16, 376),
(16, 377),
(18, 385),
(19, 412),
(19, 413),
(19, 414),
(19, 415),
(19, 416),
(19, 417);

-- --------------------------------------------------------

--
-- Структура таблицы `tbl_folder`
--

CREATE TABLE IF NOT EXISTS `tbl_folder` (
  `id` int(255) NOT NULL AUTO_INCREMENT,
  `user_id` int(255) NOT NULL,
  `name` varchar(255) NOT NULL,
  `created` int(255) NOT NULL,
  `private_status` int(255) NOT NULL DEFAULT '1',
  `parent_id` int(255) DEFAULT NULL,
  `type` int(2) NOT NULL DEFAULT '1',
  `uploads_id` int(255) DEFAULT NULL,
  `hide` int(2) DEFAULT '1',
  PRIMARY KEY (`id`)
) ENGINE=InnoDB  DEFAULT CHARSET=utf8 AUTO_INCREMENT=28 ;

--
-- Дамп данных таблицы `tbl_folder`
--

INSERT INTO `tbl_folder` (`id`, `user_id`, `name`, `created`, `private_status`, `parent_id`, `type`, `uploads_id`, `hide`) VALUES
(1, 65, 'test', 1372225656, 4, 0, 1, NULL, 1),
(2, 65, 'Стив Макконнелл - Совершенный код.djvu', 1372254818, 4, 0, 2, 338, 1),
(3, 65, 'Сайт 2013.docx', 1372254824, 4, 0, 2, 339, 1),
(4, 66, 'er', 1372318136, 1, 0, 1, NULL, 1),
(5, 132, 'kjhjn', 1372324964, 1, 0, 1, NULL, 1),
(6, 132, 'download.png', 1372325102, 1, 0, 2, 341, 1),
(7, 133, '1.jpg', 1372325857, 1, 0, 2, 342, 1),
(8, 133, 'asdasd', 1372325866, 1, 0, 1, NULL, 1),
(9, 81, '54564', 1372488490, 4, 0, 1, NULL, 1),
(10, 74, 'Конференции', 1375341916, 3, 0, 1, NULL, 1),
(11, 74, 'СТТ-2013', 1375338202, 3, 10, 1, NULL, 1),
(12, 74, 'ХакимуллинаАС-свед-с9.doc', 1375336758, 1, 11, 2, 386, 1),
(13, 74, 'ХакимуллинаАС-с.9.docx', 1375338297, 1, 11, 2, 387, 1),
(14, 74, 'Рекомендательное письмо.doc', 1375338256, 1, 11, 2, 388, 1),
(15, 74, 'Мобильные ИЭТР.rar', 1375338271, 3, 11, 2, 389, 1),
(16, 74, 'ctt-2013-1-Tom.pdf', 1375337030, 1, 11, 2, 390, 1),
(17, 74, 'Итоговая программа СТТ-2013.pdf', 1375337036, 1, 11, 2, 391, 1),
(18, 74, '166.jpg', 1375338214, 3, 11, 2, 392, 1),
(19, 74, '167.jpg', 1375338220, 3, 11, 2, 393, 1),
(20, 74, 'ТОЭТ-2013', 1375338313, 1, 10, 1, NULL, 1),
(21, 74, 'Сопроводительное письмо.doc', 1375338174, 1, 20, 2, 394, 1),
(22, 74, 'ХакимуллинаАС_док.docx', 1375338175, 1, 20, 2, 395, 1),
(23, 74, 'ХакимуллинаАС_заявка.docx.doc', 1375338175, 1, 20, 2, 396, 1),
(24, 74, 'НИР.doc', 1375425857, 3, 0, 2, 397, 1),
(25, 65, 'Снимок.PNG', 1375450397, 1, 0, 2, 399, 1),
(26, 65, '45730-1680x1050.jpg', 1375605213, 1, 0, 2, 400, 2),
(27, 65, 'asdasd', 1377607319, 1, 0, 1, NULL, 2);

-- --------------------------------------------------------

--
-- Структура таблицы `tbl_forum`
--

CREATE TABLE IF NOT EXISTS `tbl_forum` (
  `id` int(255) NOT NULL AUTO_INCREMENT,
  `content` text,
  `user_id` int(255) NOT NULL,
  `title` varchar(255) DEFAULT NULL,
  `created` int(255) NOT NULL,
  PRIMARY KEY (`id`)
) ENGINE=InnoDB  DEFAULT CHARSET=utf8 AUTO_INCREMENT=3 ;

--
-- Дамп данных таблицы `tbl_forum`
--

INSERT INTO `tbl_forum` (`id`, `content`, `user_id`, `title`, `created`) VALUES
(1, 'Содержание', 65, 'Заголовок', 1378725001),
(2, 'Содержание', 65, 'Заголовок', 1378725053);

-- --------------------------------------------------------

--
-- Структура таблицы `tbl_forum_tag`
--

CREATE TABLE IF NOT EXISTS `tbl_forum_tag` (
  `id` int(255) NOT NULL AUTO_INCREMENT,
  `forum_id` int(255) NOT NULL,
  `tag_id` int(255) NOT NULL,
  PRIMARY KEY (`id`)
) ENGINE=InnoDB  DEFAULT CHARSET=utf8 AUTO_INCREMENT=4 ;

--
-- Дамп данных таблицы `tbl_forum_tag`
--

INSERT INTO `tbl_forum_tag` (`id`, `forum_id`, `tag_id`) VALUES
(1, 1, 1),
(2, 1, 2),
(3, 2, 1);

-- --------------------------------------------------------

--
-- Структура таблицы `tbl_forum_tag_id`
--

CREATE TABLE IF NOT EXISTS `tbl_forum_tag_id` (
  `id` int(255) NOT NULL AUTO_INCREMENT,
  `name` varchar(255) NOT NULL,
  PRIMARY KEY (`id`)
) ENGINE=InnoDB  DEFAULT CHARSET=utf8 AUTO_INCREMENT=3 ;

--
-- Дамп данных таблицы `tbl_forum_tag_id`
--

INSERT INTO `tbl_forum_tag_id` (`id`, `name`) VALUES
(1, 'php'),
(2, 'java');

-- --------------------------------------------------------

--
-- Структура таблицы `tbl_group`
--

CREATE TABLE IF NOT EXISTS `tbl_group` (
  `id` int(128) NOT NULL AUTO_INCREMENT,
  `name` varchar(128) NOT NULL,
  `id_year_create` int(20) DEFAULT NULL,
  `id_semestr` int(128) DEFAULT NULL,
  `mean` varchar(64) DEFAULT NULL,
  `all_man` int(11) DEFAULT NULL,
  `curator` text,
  PRIMARY KEY (`id`)
) ENGINE=MyISAM  DEFAULT CHARSET=utf8 AUTO_INCREMENT=16 ;

--
-- Дамп данных таблицы `tbl_group`
--

INSERT INTO `tbl_group` (`id`, `name`, `id_year_create`, `id_semestr`, `mean`, `all_man`, `curator`) VALUES
(1, 'УИТ', 6, NULL, '4.208', 10, '<a href="http://atpp.in/user/ViewProfile/67">Владимир Плотников</a>'),
(5, 'АТ', 6, NULL, '4.336', 14, 'Наталья Богданова'),
(6, 'УИТ', 7, NULL, '4.541', 20, '<a href="http://atpp.in/user/ViewProfile/35" >Александр Богданов</a>'),
(7, 'УИТ', 8, NULL, '4.363', 20, ''),
(10, 'АТ', 5, NULL, NULL, 10, '-'),
(9, 'УИТ', 5, NULL, NULL, 10, ''),
(11, 'УИТ', 9, NULL, NULL, 16, 'Андрей Геннадьевич');

-- --------------------------------------------------------

--
-- Структура таблицы `tbl_group_file`
--

CREATE TABLE IF NOT EXISTS `tbl_group_file` (
  `id` int(255) NOT NULL AUTO_INCREMENT,
  `file_id` int(11) NOT NULL,
  `group_id` int(11) NOT NULL,
  `scope_id` int(11) DEFAULT NULL,
  `profile_id` int(11) NOT NULL,
  `create_time` date DEFAULT NULL,
  `comment` varchar(255) DEFAULT NULL,
  `group_name` varchar(64) DEFAULT NULL,
  PRIMARY KEY (`id`)
) ENGINE=MyISAM DEFAULT CHARSET=utf8 AUTO_INCREMENT=1 ;

-- --------------------------------------------------------

--
-- Структура таблицы `tbl_group_year_create`
--

CREATE TABLE IF NOT EXISTS `tbl_group_year_create` (
  `id` int(128) NOT NULL AUTO_INCREMENT,
  `start_year` int(128) NOT NULL,
  `prefix_year` varchar(11) NOT NULL,
  PRIMARY KEY (`id`)
) ENGINE=MyISAM  DEFAULT CHARSET=latin1 AUTO_INCREMENT=19 ;

--
-- Дамп данных таблицы `tbl_group_year_create`
--

INSERT INTO `tbl_group_year_create` (`id`, `start_year`, `prefix_year`) VALUES
(1, 2004, '04'),
(2, 2005, '05'),
(3, 2006, '06'),
(4, 2007, '07'),
(5, 2008, '08'),
(6, 2009, '09'),
(7, 2010, '10'),
(8, 2011, '11'),
(9, 2012, '12'),
(10, 2013, '13'),
(11, 2014, '14'),
(12, 2015, '15'),
(13, 2016, '16'),
(14, 2017, '17'),
(15, 2018, '18'),
(16, 2019, '19'),
(17, 2020, '20'),
(18, 2021, '21');

-- --------------------------------------------------------

--
-- Структура таблицы `tbl_institute`
--

CREATE TABLE IF NOT EXISTS `tbl_institute` (
  `id` int(11) NOT NULL AUTO_INCREMENT,
  `name` varchar(255) NOT NULL,
  PRIMARY KEY (`id`)
) ENGINE=MyISAM  DEFAULT CHARSET=utf8 AUTO_INCREMENT=5 ;

--
-- Дамп данных таблицы `tbl_institute`
--

INSERT INTO `tbl_institute` (`id`, `name`) VALUES
(4, 'ИТЭ'),
(2, 'ИЭЭ'),
(3, 'ИЭИТ');

-- --------------------------------------------------------

--
-- Структура таблицы `tbl_institute_cafedra`
--

CREATE TABLE IF NOT EXISTS `tbl_institute_cafedra` (
  `id` int(255) NOT NULL AUTO_INCREMENT,
  `institute_id` int(255) NOT NULL,
  `cafedra_id` int(255) NOT NULL,
  PRIMARY KEY (`id`)
) ENGINE=InnoDB  DEFAULT CHARSET=latin1 AUTO_INCREMENT=49 ;

--
-- Дамп данных таблицы `tbl_institute_cafedra`
--

INSERT INTO `tbl_institute_cafedra` (`id`, `institute_id`, `cafedra_id`) VALUES
(7, 3, 7),
(8, 3, 8),
(9, 3, 9),
(10, 3, 10),
(11, 3, 11),
(12, 3, 12),
(13, 3, 13),
(14, 3, 14),
(15, 3, 15),
(16, 3, 16),
(17, 3, 17),
(18, 4, 18),
(19, 4, 19),
(20, 4, 20),
(21, 4, 21),
(22, 4, 22),
(23, 4, 23),
(24, 4, 24),
(25, 4, 25),
(26, 4, 26),
(27, 4, 27),
(28, 4, 28),
(29, 4, 29),
(30, 4, 30),
(31, 4, 31),
(32, 2, 32),
(33, 2, 33),
(34, 2, 34),
(35, 2, 35),
(36, 2, 36),
(37, 2, 37),
(38, 2, 38),
(39, 2, 39),
(40, 2, 40),
(41, 2, 41),
(42, 2, 42),
(43, 2, 43),
(44, 2, 44),
(45, 2, 45),
(46, 2, 46),
(47, 2, 47),
(48, 2, 48);

-- --------------------------------------------------------

--
-- Структура таблицы `tbl_kurs`
--

CREATE TABLE IF NOT EXISTS `tbl_kurs` (
  `id` int(128) NOT NULL AUTO_INCREMENT,
  `name` varchar(128) NOT NULL,
  PRIMARY KEY (`id`)
) ENGINE=MyISAM  DEFAULT CHARSET=utf8 AUTO_INCREMENT=6 ;

--
-- Дамп данных таблицы `tbl_kurs`
--

INSERT INTO `tbl_kurs` (`id`, `name`) VALUES
(1, '1 курс'),
(2, '2 курс'),
(3, '3 курс'),
(4, '4 курс'),
(5, '5 курс');

-- --------------------------------------------------------

--
-- Структура таблицы `tbl_lookup`
--

CREATE TABLE IF NOT EXISTS `tbl_lookup` (
  `id` int(11) NOT NULL AUTO_INCREMENT,
  `name` varchar(128) NOT NULL,
  `code` int(11) NOT NULL,
  `type` varchar(128) NOT NULL,
  `position` int(11) NOT NULL,
  PRIMARY KEY (`id`)
) ENGINE=MyISAM  DEFAULT CHARSET=utf8 AUTO_INCREMENT=18 ;

--
-- Дамп данных таблицы `tbl_lookup`
--

INSERT INTO `tbl_lookup` (`id`, `name`, `code`, `type`, `position`) VALUES
(1, 'Черновки', 1, 'PostStatus', 1),
(2, 'Опубликовать', 2, 'PostStatus', 2),
(3, 'В архив', 3, 'PostStatus', 3),
(4, 'В ожидании утверждения', 1, 'CommentStatus', 1),
(5, 'Подтвердить', 2, 'CommentStatus', 2),
(6, 'Кафедральные', 1, 'PostTopic', 1),
(7, 'Мировые', 2, 'PostTopic', 2),
(8, 'Показать', 1, 'FotoStatus', 1),
(9, 'Скрыть', 2, 'FotoStatus', 2),
(10, 'не выбран', 1, 'userstatus', 1),
(11, 'Студент', 2, 'userstatus', 2),
(12, 'Преподователь', 3, 'userstatus', 3),
(13, '2', 2, 'rating', 2),
(14, '3', 3, 'rating', 3),
(15, '4', 4, 'rating', 4),
(16, '5', 5, 'rating', 5);

-- --------------------------------------------------------

--
-- Структура таблицы `tbl_object_rating`
--

CREATE TABLE IF NOT EXISTS `tbl_object_rating` (
  `id` int(255) NOT NULL AUTO_INCREMENT,
  `user_id` int(255) NOT NULL,
  `type` int(16) NOT NULL,
  `object_id` int(255) NOT NULL,
  `value` tinyint(1) NOT NULL,
  PRIMARY KEY (`id`)
) ENGINE=MyISAM  DEFAULT CHARSET=utf8 AUTO_INCREMENT=87 ;

--
-- Дамп данных таблицы `tbl_object_rating`
--

INSERT INTO `tbl_object_rating` (`id`, `user_id`, `type`, `object_id`, `value`) VALUES
(1, 72, 4, 2, 1),
(2, 74, 4, 9, 1),
(3, 66, 2, 1, 1),
(4, 66, 2, 2, 1),
(5, 66, 2, 3, 1),
(6, 66, 2, 4, 1),
(7, 66, 4, 11, 1),
(8, 65, 2, 5, 1),
(9, 65, 4, 19, 1),
(10, 96, 1, 79, 1),
(11, 65, 1, 79, 1),
(12, 65, 1, 80, 1),
(13, 91, 4, 25, 1),
(14, 66, 2, 6, 0),
(15, 66, 1, 84, 0),
(16, 66, 1, 83, 0),
(17, 66, 1, 82, 0),
(18, 66, 1, 81, 0),
(19, 65, 1, 82, 0),
(20, 65, 1, 83, 0),
(21, 65, 1, 84, 0),
(22, 109, 2, 6, 1),
(23, 109, 1, 79, 1),
(24, 109, 1, 80, 1),
(25, 109, 1, 81, 1),
(26, 109, 1, 82, 1),
(27, 109, 1, 83, 1),
(28, 109, 1, 84, 1),
(29, 74, 1, 84, 1),
(30, 74, 1, 83, 1),
(31, 74, 1, 82, 1),
(32, 74, 1, 79, 1),
(33, 74, 1, 80, 1),
(34, 65, 1, 87, 1),
(35, 65, 1, 85, 1),
(36, 65, 1, 86, 1),
(37, 96, 1, 84, 1),
(38, 110, 1, 79, 1),
(39, 110, 1, 82, 1),
(40, 124, 5, 5, 1),
(41, 124, 5, 6, 1),
(42, 124, 5, 7, 1),
(43, 124, 5, 8, 1),
(44, 65, 4, 35, 1),
(45, 65, 1, 91, 1),
(46, 65, 1, 90, 1),
(47, 65, 1, 89, 1),
(48, 65, 1, 88, 1),
(49, 91, 2, 8, 1),
(50, 91, 2, 6, 1),
(51, 91, 2, 4, 1),
(52, 91, 2, 3, 1),
(53, 91, 2, 2, 1),
(54, 91, 2, 1, 1),
(55, 91, 4, 34, 1),
(56, 91, 4, 17, 1),
(57, 91, 1, 80, 1),
(58, 91, 1, 79, 1),
(59, 91, 1, 83, 1),
(60, 65, 2, 10, 1),
(61, 91, 4, 32, 1),
(62, 66, 5, 11, 1),
(63, 65, 4, 59, 1),
(64, 91, 2, 15, 1),
(65, 65, 6, 12, 1),
(66, 65, 6, 17, 1),
(67, 65, 4, 58, 1),
(68, 65, 4, 45, 1),
(69, 65, 5, 13, 1),
(70, 128, 5, 14, 1),
(71, 74, 5, 14, 1),
(72, 74, 4, 25, 0),
(73, 65, 6, 24, 1),
(74, 65, 4, 81, 1),
(75, 132, 6, 24, 1),
(76, 132, 6, 15, 1),
(77, 132, 6, 17, 1),
(78, 65, 6, 15, 1),
(79, 81, 4, 102, 1),
(80, 65, 2, 18, 1),
(81, 65, 4, 113, 1),
(82, 66, 2, 18, 1),
(83, 110, 2, 18, 1),
(84, 110, 5, 15, 1),
(85, 74, 2, 10, 1),
(86, 74, 2, 1, 1);

-- --------------------------------------------------------

--
-- Структура таблицы `tbl_order_pair`
--

CREATE TABLE IF NOT EXISTS `tbl_order_pair` (
  `id` int(64) NOT NULL AUTO_INCREMENT,
  `name` int(64) NOT NULL,
  PRIMARY KEY (`id`)
) ENGINE=MyISAM  DEFAULT CHARSET=utf8 AUTO_INCREMENT=6 ;

--
-- Дамп данных таблицы `tbl_order_pair`
--

INSERT INTO `tbl_order_pair` (`id`, `name`) VALUES
(1, 1),
(2, 2),
(3, 3),
(4, 4),
(5, 5);

-- --------------------------------------------------------

--
-- Структура таблицы `tbl_post`
--

CREATE TABLE IF NOT EXISTS `tbl_post` (
  `id` int(11) NOT NULL AUTO_INCREMENT,
  `title` varchar(128) NOT NULL,
  `content` text NOT NULL,
  `tags` text,
  `status` int(11) NOT NULL,
  `create_time` int(11) DEFAULT NULL,
  `update_time` int(11) DEFAULT NULL,
  `author_id` int(11) NOT NULL,
  `content_previews` text,
  `topic` tinyint(4) NOT NULL,
  `show_foto` int(2) DEFAULT NULL,
  `cover_id` int(250) DEFAULT NULL,
  `prosmotr` int(255) DEFAULT NULL,
  `profile_id` int(255) DEFAULT NULL,
  `rating` int(255) DEFAULT NULL,
  PRIMARY KEY (`id`),
  KEY `FK_post_author` (`author_id`)
) ENGINE=MyISAM  DEFAULT CHARSET=utf8 AUTO_INCREMENT=20 ;

--
-- Дамп данных таблицы `tbl_post`
--

INSERT INTO `tbl_post` (`id`, `title`, `content`, `tags`, `status`, `create_time`, `update_time`, `author_id`, `content_previews`, `topic`, `show_foto`, `cover_id`, `prosmotr`, `profile_id`, `rating`) VALUES
(1, 'Автоматизации и амбиции 2011', '![http://atpp.in/uploads/sm_7f65835937eaa2a5ea5ca43c881cee29.JPG](http://atpp.in/uploads/sm_7f65835937eaa2a5ea5ca43c881cee29.JPG "http://atpp.in/uploads/sm_7f65835937eaa2a5ea5ca43c881cee29.JPG")\r\nВсе фотографии в фотогалерее!', '', 2, 1360680540, 1377466021, 65, '![http://atpp.in/uploads/sm_7f65835937eaa2a5ea5ca43c881cee29.JPG](http://atpp.in/uploads/sm_7f65835937eaa2a5ea5ca43c881cee29.JPG "http://atpp.in/uploads/sm_7f65835937eaa2a5ea5ca43c881cee29.JPG")\r\nВсе фотографии в фотогалерея!', 1, 1, 42, 503, 22, 3),
(2, 'ООО «КЭР-Инжиниринг» развивает сотрудничество с КГЭУ', '![http://atpp.in/uploads/sm_f58a5ac925dac3c98be07830d044e73e.jpg](http://atpp.in/uploads/sm_f58a5ac925dac3c98be07830d044e73e.jpg "http://atpp.in/uploads/sm_f58a5ac925dac3c98be07830d044e73e.jpg")  \r\nВ рамках успешного сотрудничества  КГЭУ и "КЭР-Инжиниринг", филиал ООО «КЭР-Инжиниринг» - «КЭР-Автоматика» 3-6 апреля 2012 года провел мастер-класс «Проектирование систем автоматизации технологических процессов на ТЭС» для студентов кафедры АТПП.  \r\nВпервые в истории кафедры, мастер-класс включил 3 составляющих: экскурсию, практикум и лекции.  \r\n ![http://atpp.in/uploads/sm_614084bc8772f3cde919204721bf0fad.JPG](http://atpp.in/uploads/sm_614084bc8772f3cde919204721bf0fad.JPG "http://atpp.in/uploads/sm_614084bc8772f3cde919204721bf0fad.JPG")  \r\n3 апреля состоялась экскурсия в филиал ООО «КЭР-Инжиниринг» «КЭР-Автоматика». Тема: «Проектирование, внедрение и обслуживание автоматизированных систем в энергетике».  \r\nВедущие специалисты: Хасиятуллов М.Р., заместитель директора Департамента МРиСО по Казанской зоне; Костюк И.В., ведущий инженер-программист Департамента «Автоматизация и приводы»; Унгурян  Р.В.,  начальник  службы  алгоритмического обеспечения департамента «АСУ ТП ТЭС».  \r\n![http://atpp.in/uploads/sm_439eea5d5f73ad8fb6f934c7004e689a.JPG](http://atpp.in/uploads/sm_439eea5d5f73ad8fb6f934c7004e689a.JPG "http://atpp.in/uploads/sm_439eea5d5f73ad8fb6f934c7004e689a.JPG")  \r\nСпециалисты интересно и красочно представили информацию о своих подразделениях, выполняемых проектах и перспективах. В беседе так же были затронуты вопросы прохождения практики и трудоустройства. В завершение, студентам был дан совет проявлять большую активность и интерес к современным технологиям в автоматизации. \r\n \r\n  ![http://atpp.in/uploads/sm_b1ba85116ec27fad6560d461160948d9.JPG](http://atpp.in/uploads/sm_b1ba85116ec27fad6560d461160948d9.JPG "http://atpp.in/uploads/sm_b1ba85116ec27fad6560d461160948d9.JPG")  \r\nВ ходе экскурсии студентам были продемонстрированы шкафы автоматизации, собираемые в «КЭР-Автоматика».  \r\n![http://atpp.in/uploads/sm_c35f650d26dc0340e5e8eabca68c38d3.JPG](http://atpp.in/uploads/sm_c35f650d26dc0340e5e8eabca68c38d3.JPG "http://atpp.in/uploads/sm_c35f650d26dc0340e5e8eabca68c38d3.JPG")  \r\n    4 апреля прошел практикум на лабораторном стенде «АСУ ТП поддержания уровня в баке». Ведущий специалист: Миронов А.А., ведущий инженер УТЦ «КЭР-Автоматика». Так же во время практикума студенты услышали примеры из практического опыта, связанного с процессами на ТЭС, моделируемыми на данном стенде.  \r\n![http://atpp.in/uploads/sm_451b2611c2f81e646b8a42510c31a0ee.JPG](http://atpp.in/uploads/sm_451b2611c2f81e646b8a42510c31a0ee.JPG "http://atpp.in/uploads/sm_451b2611c2f81e646b8a42510c31a0ee.JPG")    \r\n  С 4-го по 6-е апреля в центре обучения «КГЭУ-SIEMENS-КЭР-Инжиниринг», В-419 прошли лекции на тему «Основы технологических процессов на ТЭС». Ведущий специалист: Махмутова И.Д., руководитель УТЦ «КЭР-Автоматика».\r\nВ данном мастер-классе приняли участие студенты с 1 по 4 курсы кафедры АТПП (группы АТ и УИТ). В завершении был высказан обоюдный интерес к дальнейшему развитию сотрудничества. Уже сейчас результатом такого сотрудничества является повышение уровня подготовки наиболее активных и перспективных студентов. В свою очередь, эти студенты имеют большую возможность трудоустроиться в  филиал ООО «КЭР-Инжиниринг» «КЭР-Автоматика».\r\n\r\n\r\n\r\n', '', 2, 1360681118, 1377457076, 65, '![http://atpp.in/uploads/sm_f58a5ac925dac3c98be07830d044e73e.jpg](http://atpp.in/uploads/sm_f58a5ac925dac3c98be07830d044e73e.jpg "http://atpp.in/uploads/sm_f58a5ac925dac3c98be07830d044e73e.jpg")  \r\nВ рамках успешного сотрудничества  КГЭУ и "КЭР-Инжиниринг", филиал ООО «КЭР-Инжиниринг» - «КЭР-Автоматика» 3-6 апреля 2012 года провел мастер-класс «Проектирование систем автоматизации технологических процессов на ТЭС» для студентов кафедры АТПП. ', 1, 1, 190, 394, 22, 2),
(3, 'Семинар «Молодежный потенциал кафедры «Автоматизация технологических процессов и производств» 2011»', '27 февраля 2012 года прошло собрание студентов 1-3 курсов кафедры АТПП с заведующим кафедрой.    \r\n![http://atpp.in/uploads/sm_ae5121026208f9cef221932b0bfd51ca.JPG](http://atpp.in/uploads/sm_ae5121026208f9cef221932b0bfd51ca.JPG "http://atpp.in/uploads/sm_ae5121026208f9cef221932b0bfd51ca.JPG")    \r\nДанный семинар запланирован в рамках цикла мероприятий, направленных на повышение успеваемости учащихся и привлечение наиболее перспективных студентов к дополнительному изучению современных технологий в области автоматизации.  \r\n![http://atpp.in/uploads/sm_b638d58321922f382bd195430b3fb0ea.JPG](http://atpp.in/uploads/sm_b638d58321922f382bd195430b3fb0ea.JPG "http://atpp.in/uploads/sm_b638d58321922f382bd195430b3fb0ea.JPG")  \r\n  Почетным гостем семинара была приглашена руководитель учебного центра филиала ООО «КЭР-Инжиниринг» - «КЭР-Автоматика» – Махмутова И.Д. Заведующий кафедрой Гильфанов К.Х. поблагодарил её за вклад в развитие отношений между кафедрой АТПП и компанией  ООО «КЭР-Инжиниринг». Благодаря её содействию регулярно студенты кафедры посещают различные филиалы ООО «КЭР-Инжиниринг»: «КЭР-Автоматика», «ТатНИПИэнергопром», ИЦ «Энергопрогресс» и наиболее перспективные проходят практику. Специалисты учебного центра филиала ООО «КЭР-Инжиниринг» - «КЭР-Автоматика» проводят ежегодные мастер-классы для студентов кафедры. \r\n  В ходе прошедшего семинара обсуждались вопросы предстоящих экскурсий на объекты энергетики, первая производственная практика студентов 3-го курса.\r\n  Гафарова Л.И. и Насибулина Р.Ж. (УИТ-1-07) сделали доклад о стипендиях – академических и именных. Студенты кафедры регулярно становятся получателями именных стипендий, однако для получения именных стипендий необходимы  отличная успеваемость и достижения в научной работе. Если студент начинает успешно заниматься наукой с младших курсов – шансы на получение таких стипендий значительно повышаются.\r\n  ![http://atpp.in/uploads/sm_b08feb55d11ab80d425b00c93c2d0874.JPG](http://atpp.in/uploads/sm_b08feb55d11ab80d425b00c93c2d0874.JPG "http://atpp.in/uploads/sm_b08feb55d11ab80d425b00c93c2d0874.JPG")  \r\n  Наиболее отличившиеся по результатам последней сессии студенты были поощрены. Так же было сообщено о нескольких кафедральных мини-конкурсах, победители которых выступят на конференции «Тинчуринские чтения» весной 2012 года и получат памятные призы. \r\n  В завершении семинара Гильфанов К.Х. и Махмутова И.Д. поздравили студентов, завершивших минувшую сессию на положительные оценки, и пожелали успехов и большей активности в изучении современных технологий автоматизации. Современным предприятиям нужны специалисты по автоматизации, но специалисты мирового уровня, знающие новейшие технологии и обладающие практическими навыками.\r\n\r\n\r\n\r\n   \r\n\r\n\r\n', '', 2, 1360681620, 1377457080, 65, '27 февраля 2012 года прошло собрание студентов 1-3 курсов кафедры АТПП с заведующим кафедрой.    \r\n![http://atpp.in/uploads/sm_ae5121026208f9cef221932b0bfd51ca.JPG](http://atpp.in/uploads/sm_ae5121026208f9cef221932b0bfd51ca.JPG "http://atpp.in/uploads/sm_ae5121026208f9cef221932b0bfd51ca.JPG")  \r\n\r\n', 1, 1, 216, 342, 22, 2),
(4, 'Добро пожаловать', '![http://atpp.in/uploads/6d52a5cc546497febf20f4498445b706.jpg](http://atpp.in/uploads/6d52a5cc546497febf20f4498445b706.jpg "http://atpp.in/uploads/6d52a5cc546497febf20f4498445b706.jpg")  \r\nСегодня мы открываем перед вами двери для первого бета тестирования.   \r\nТеперь наша кафедра может существовать в веб формате!  \r\n  Это огромный шаг вперед для нас. Мы будем рады услышать любую имеющуюся критику, идеи или просто ответить на любые интересующие Вас вопросы. \r\nРегистрируемся! Регистрируемся! Регистрируемся!', '', 2, 1360689917, 1377498222, 65, '![http://atpp.in/uploads/6d52a5cc546497febf20f4498445b706.jpg](http://atpp.in/uploads/6d52a5cc546497febf20f4498445b706.jpg "http://atpp.in/uploads/6d52a5cc546497febf20f4498445b706.jpg")', 1, 2, 239, 276, 22, 2),
(5, 'Выводим счетчик электроэнергии в интернет', '![http://habrastorage.org/storage2/3d5/f1d/249/3d5f1d249dfb97c7e7948587efb81e5f.jpg](http://habrastorage.org/storage2/3d5/f1d/249/3d5f1d249dfb97c7e7948587efb81e5f.jpg "http://habrastorage.org/storage2/3d5/f1d/249/3d5f1d249dfb97c7e7948587efb81e5f.jpg")\r\n  В статье я расскажу о том, как получить данные о мощности с электросчетчика и вывести их в интернет.\r\nСразу скажу, что несмотря на то, что счетчик цифровой, и имеет цифровые интерфейсы для связи с внешним контрольным оборудованием, я не использую их (почему — ниже).  \r\n**С чего все началось**  \r\nВ определенный момент энергетики поменяли наш обычный механический электросчетчик на цифровой. Сразу бросилась в глаза возможность счетчика отображать текущую мощность. Появилось желание как-нибудь получить эту величину со счетчика. Кроме того, новый счетчик имеет порог максимальной допустимой мощности (5 КВт), при достижении которого он отключает электроэнергию в квартире, и происходит это обычно совершенно внезапно. Так что хотелось сделать устройство, способное обнаруживать, что мощность близка к пороговой, и сигнализировать об этом, для того чтобы можно было отключить часть нагрузок.\r\n  \r\n**Как можно получить данные о мощности**  \r\n- Поскольку счетчик цифровой, то первое, что приходит в голову — использовать имеющиеся в нем интерфейсы. Из инструкции к   счетчику следует, что в нем есть интерфейс RS-485, поверочный выход и оптопорт на передней панели. Однако   воспользоваться   ими не удастся — проводные интерфейсы находятся под опломбированной крышкой, и попасть туда   нельзя, оптопорт активности не проявляет. Если поверочный выход еще и можно было бы использовать, то цифровые интерфейсы  \r\n нигде не документированы, и скорее всего защищены паролем.   \r\n- Вообще не использовать счетчик, и измерять величину тока в фазовом проводе. Такой метод используется здесь: habrahabr.ru/post/168783/. Однако для таких измерений нужен специальный датчик, который еще нужно где-то взять. Кроме того датчик — аналоговый, а где аналоговый сигнал, там и наводки, которых в электрощите можно наловить немало. Для точного измерения мощности нужно знать значение напряжения в сети, что тоже создает определенные проблемы.  \r\n- Еще один метод, которым я и воспользовался — измерять период вспышек светодиода, находящегося на передней панели счетчика. Этот светодиод напрямую связан с микросхемой, измеряющей ток, протекающей через счетчик. Как я понимаю, этот светодиод связан с вышеупомянутым поверочным выходом. Рядом со светодиодом написано так называемое передаточное число: 2000 имп/кВт*ч, зная которое при достаточно точном измерении периода вспышек можно легко определить потребляемую мощность.  \r\n**Техническая реализация**  \r\n  Вся обработка сигнала от фотодатчика ведется очень простым устройством на микроконтроллере STM8S105. STM8 был выбран по причине его наличия, а также поскольку для его программирования достаточно 3 выводов.\r\n  Обнаружить вспышки светодиода легко — достаточно в качестве фотодатчика использовать фототранзистор, причем за счет того, что вспышки яркие, а фототранзистор довольно чувствителен, сигнал с него можно подавать прямо на цифровые выводы контроллера — амплитуда сигнала во время вспышки близка к 0, а в остальное время близка в напряжению питания. Фототранзистор для защиты от внешней засветки должен быть закрыт светонепроницаемым кожухом и плотно прижат к счетчику.\r\n  Сигнализация о превышении допустимого порога мощности так же реализована довольно просто: рядом с устройством расположена кнопка-передатчик от беспроводного звонка, соединенная с контроллером через оптрон. Сам звонок-приемник лежит в комнате рядом со щитом, и при превышении мощности звонок начинает пищать.\r\nДанные от контроллера нужно каким-то образом передать на устройство, которое будет их обрабатывать, в данном случае это роутер WL-500gp. Можно было бы использовать беспроводные соединения, однако между роутером и контроллером несколько бетонных стен и стальная дверь. Также в таком случае контроллеру нужно будет обеспечить питание, а пытаться подключать блок питания к силовой проводке в щите не хотелось.\r\nБолее простым является проводное подключение. Поскольку данные должны передаваться на роутер, то можно воспользоваться уже проложенным кабелем, соединяющем роутер с провайдером — этот кабель проходит через электрощит. В кабеле для организации сети используются только 4 жилы из 8, так что оставшиеся 4 можно использовать для своих нужд.\r\nОдну пару проводов можно использовать для передачи питания на контроллер, другую — для передачи данных на роутер. Однако мне захотелось реализовать передачу данных и питания только по одной паре проводов. Для этого я использовал цифровую токовую петлю.  \r\n  \r\nВ данном случае устройство состоит из двух частей — приемника, расположенного рядом с роутером, и передатчика, содержащего в себе микроконтроллер. Передатчик содержит источник тока (я использую NSI45020, предназначенный для питания светодиодов) и последовательно соединенный с ним транзистор.  \r\n![http://habrastorage.org/storage2/6da/2ce/b76/6da2ceb763f2d5b874b16561b0ce9b45.png](http://habrastorage.org/storage2/6da/2ce/b76/6da2ceb763f2d5b874b16561b0ce9b45.png "http://habrastorage.org/storage2/6da/2ce/b76/6da2ceb763f2d5b874b16561b0ce9b45.png")  \r\nСхема организации токовой петли.  \r\n  \r\nПри подаче на базу транзистора напряжения высокого уровня он открывается, и через линию связи начинает идти определенный ток. В результате этого на токоизмерительном резисторе (3 Ом) возникает падение напряжения, которое усиливается операционным усилителем. Усиленное напряжение подается на компаратор, и если оно больше определенного порога (Vref), то на выходе компаратора устанавливается высокий уровень напряжения. При отсутствии тока (точнее при малой его величине, так как контроллер всегда потребляет ток) падение напряжения на резисторе мало, и на выходе компаратора устанавливается низкий уровень напряжения.\r\nИсточником питания всей конструкции является роутер, напряжение 5 В с которого подается на приемник (входы слева на схеме) и проходит через линию практически без изменений — поскольку токи низкие, а линия короткая, то падение напряжение на резисторе и проводах достаточно мало. Далее это напряжение можно использовать для питания микроконтроллера (выходы справа на схеме).\r\nДля передачи данных с микроконтроллера выход его UART соединен с базой транзистора, а выход компаратора соединен со входом преобразователя UART — USB. Скорость передачи данных — 1200 бит/сек. Это обеспечивает надежную передачу данных, а также при такой маленькой скорости передача даже короткой посылки видна по миганию светодиода.  \r\n  \r\nПлаты приемника и передатчика были изготовлены методом ЛУТ на одной плате, после сборки и отладки плата была разрезана:  \r\n![http://img-fotki.yandex.ru/get/6444/14557097.0/0_acaa7_14e96d0c_L.jpg](http://img-fotki.yandex.ru/get/6444/14557097.0/0_acaa7_14e96d0c_L.jpg "http://img-fotki.yandex.ru/get/6444/14557097.0/0_acaa7_14e96d0c_L.jpg")  \r\nПриемник установлен внутри обычной розетки RJ-45, в розетку вставляется идущий в щит кабель, кабель из розетки вставляется в роутер.  \r\n![http://img-fotki.yandex.ru/get/5634/14557097.0/0_acaa8_3c2b052a_L.jpg](http://img-fotki.yandex.ru/get/5634/14557097.0/0_acaa8_3c2b052a_L.jpg "http://img-fotki.yandex.ru/get/5634/14557097.0/0_acaa8_3c2b052a_L.jpg")  \r\nПередатчик установлен в небольшой коробке и положен в щит вместе с кнопкой звонка:  \r\n![http://img-fotki.yandex.ru/get/6430/14557097.0/0_acaa9_e9a60369_-2-XL.jpg](http://img-fotki.yandex.ru/get/6430/14557097.0/0_acaa9_e9a60369_-2-XL.jpg "http://img-fotki.yandex.ru/get/6430/14557097.0/0_acaa9_e9a60369_-2-XL.jpg")  \r\n**Обработка данных**  \r\nМикроконтроллер, установленный в приемнике, измеряет период вспышек светодиода на электросчетчике и по нему вычисляет мощность. Эта величина постоянно сравнивается с порогом максимально допустимой мощности, и при ее превышении контроллер включает звонок.  \r\nКаждые 10 секунд контроллер передает последнюю измеренную величину мощности по UART на роутер. Тут возникает определенная проблема — при малых потребляемых мощностях светодиод на счетчике вспыхивает с периодом большим 10 секунд. В таком случае на роутер отправляется значение мощности — 0.  \r\nНа роутер я установил интерпретатор Python, и написал скрипт, который обрабатывает данные от приемника, организует простейший локальный web-сервер и каждые 2 минуты передает среднее значение мощности на сайт cosm.com.\r\nДанные на web-сервере обновляются при получении данных от приемника — каждые 10 секунд. При вычислении средней мощности в скрипте учитывается то, что реальная мощность не может быть равна 0 — при получении новой величины мощности, не равной нулю, все предыдущие нулевые значения замещаются новым значением.  \r\n  \r\n постыq&aсобытияхабыкомпании\r\nсегодня в 00:06\r\nВыводим счетчик электроэнергии в интернет\r\nЭлектроника для начинающих*, Программинг микроконтроллеров*, DIY или Сделай Сам\r\n\r\nВ статье я расскажу о том, как получить данные о мощности с электросчетчика и вывести их в интернет.\r\nСразу скажу, что несмотря на то, что счетчик цифровой, и имеет цифровые интерфейсы для связи с внешним контрольным оборудованием, я не использую их (почему — ниже).\r\n\r\nС чего все началось\r\n\r\nВ определенный момент энергетики поменяли наш обычный механический электросчетчик на цифровой. Сразу бросилась в глаза возможность счетчика отображать текущую мощность. Появилось желание как-нибудь получить эту величину со счетчика. Кроме того, новый счетчик имеет порог максимальной допустимой мощности (5 КВт), при достижении которого он отключает электроэнергию в квартире, и происходит это обычно совершенно внезапно. Так что хотелось сделать устройство, способное обнаруживать, что мощность близка к пороговой, и сигнализировать об этом, для того чтобы можно было отключить часть нагрузок.\r\n\r\nКак можно получить данные о мощности\r\n\r\n    Поскольку счетчик цифровой, то первое, что приходит в голову — использовать имеющиеся в нем интерфейсы.  \r\n Из инструкции к счетчику следует, что в нем есть интерфейс RS-485, поверочный выход и оптопорт на передней панели.  \r\n Однако воспользоваться ими не удастся — проводные интерфейсы находятся под опломбированной крышкой, и попасть туда   \r\nнельзя, оптопорт активности не проявляет. Если поверочный выход еще и можно было бы использовать, то цифровые интерфейсы  \r\n нигде не документированы, и скорее всего защищены паролем.  \r\n\r\n    Вообще не использовать счетчик, и измерять величину тока в фазовом проводе. Такой метод используется здесь:  \r\n habrahabr.ru/post/168783/. Однако для таких измерений нужен специальный датчик, который еще нужно где-то взять.  \r\n Кроме того датчик — аналоговый, а где аналоговый сигнал, там и наводки, которых в электрощите можно наловить немало.  \r\n Для точного измерения мощности нужно знать значение напряжения в сети, что тоже создает определенные проблемы.\r\n    Еще один метод, которым я и воспользовался — измерять период вспышек светодиода, находящегося на передней панели счетчика. Этот светодиод напрямую связан с микросхемой, измеряющей ток, протекающей через счетчик. Как я понимаю, этот светодиод связан с вышеупомянутым поверочным выходом. Рядом со светодиодом написано так называемое передаточное число: 2000 имп/кВт*ч, зная которое при достаточно точном измерении периода вспышек можно легко определить потребляемую мощность.\r\n\r\n\r\nТехническая реализация\r\n\r\nВся обработка сигнала от фотодатчика ведется очень простым устройством на микроконтроллере STM8S105. STM8 был выбран по причине его наличия, а также поскольку для его программирования достаточно 3 выводов.\r\n\r\nОбнаружить вспышки светодиода легко — достаточно в качестве фотодатчика использовать фототранзистор, причем за счет того, что вспышки яркие, а фототранзистор довольно чувствителен, сигнал с него можно подавать прямо на цифровые выводы контроллера — амплитуда сигнала во время вспышки близка к 0, а в остальное время близка в напряжению питания. Фототранзистор для защиты от внешней засветки должен быть закрыт светонепроницаемым кожухом и плотно прижат к счетчику.\r\n\r\nСигнализация о превышении допустимого порога мощности так же реализована довольно просто: рядом с устройством расположена кнопка-передатчик от беспроводного звонка, соединенная с контроллером через оптрон. Сам звонок-приемник лежит в комнате рядом со щитом, и при превышении мощности звонок начинает пищать.\r\n\r\nДанные от контроллера нужно каким-то образом передать на устройство, которое будет их обрабатывать, в данном случае это роутер WL-500gp. Можно было бы использовать беспроводные соединения, однако между роутером и контроллером несколько бетонных стен и стальная дверь. Также в таком случае контроллеру нужно будет обеспечить питание, а пытаться подключать блок питания к силовой проводке в щите не хотелось.\r\nБолее простым является проводное подключение. Поскольку данные должны передаваться на роутер, то можно воспользоваться уже проложенным кабелем, соединяющем роутер с провайдером — этот кабель проходит через электрощит. В кабеле для организации сети используются только 4 жилы из 8, так что оставшиеся 4 можно использовать для своих нужд.\r\nОдну пару проводов можно использовать для передачи питания на контроллер, другую — для передачи данных на роутер. Однако мне захотелось реализовать передачу данных и питания только по одной паре проводов. Для этого я использовал цифровую токовую петлю.\r\n\r\nПро токовую петлю можно почитать в википедии, а также здесь.\r\nВ данном случае устройство состоит из двух частей — приемника, расположенного рядом с роутером, и передатчика, содержащего в себе микроконтроллер. Передатчик содержит источник тока (я использую NSI45020, предназначенный для питания светодиодов) и последовательно соединенный с ним транзистор.\r\n\r\nСхема организации токовой петли.\r\n\r\nПри подаче на базу транзистора напряжения высокого уровня он открывается, и через линию связи начинает идти определенный ток. В результате этого на токоизмерительном резисторе (3 Ом) возникает падение напряжения, которое усиливается операционным усилителем. Усиленное напряжение подается на компаратор, и если оно больше определенного порога (Vref), то на выходе компаратора устанавливается высокий уровень напряжения. При отсутствии тока (точнее при малой его величине, так как контроллер всегда потребляет ток) падение напряжения на резисторе мало, и на выходе компаратора устанавливается низкий уровень напряжения.\r\nИсточником питания всей конструкции является роутер, напряжение 5 В с которого подается на приемник (входы слева на схеме) и проходит через линию практически без изменений — поскольку токи низкие, а линия короткая, то падение напряжение на резисторе и проводах достаточно мало. Далее это напряжение можно использовать для питания микроконтроллера (выходы справа на схеме).\r\nДля передачи данных с микроконтроллера выход его UART соединен с базой транзистора, а выход компаратора соединен со входом преобразователя UART — USB. Скорость передачи данных — 1200 бит/сек. Это обеспечивает надежную передачу данных, а также при такой маленькой скорости передача даже короткой посылки видна по миганию светодиода.\r\nПолные схемы приемника и передатчика\r\n\r\nПлаты приемника и передатчика были изготовлены методом ЛУТ на одной плате, после сборки и отладки плата была разрезана:\r\nimage\r\n\r\nПриемник установлен внутри обычной розетки RJ-45, в розетку вставляется идущий в щит кабель, кабель из розетки вставляется в роутер.\r\nimage\r\n\r\nПередатчик установлен в небольшой коробке и положен в щит вместе с кнопкой звонка:\r\nimage\r\n\r\nОбработка данных\r\n\r\nМикроконтроллер, установленный в приемнике, измеряет период вспышек светодиода на электросчетчике и по нему вычисляет мощность. Эта величина постоянно сравнивается с порогом максимально допустимой мощности, и при ее превышении контроллер включает звонок.\r\nКаждые 10 секунд контроллер передает последнюю измеренную величину мощности по UART на роутер. Тут возникает определенная проблема — при малых потребляемых мощностях светодиод на счетчике вспыхивает с периодом большим 10 секунд. В таком случае на роутер отправляется значение мощности — 0.\r\nНа роутер я установил интерпретатор Python, и написал скрипт, который обрабатывает данные от приемника, организует простейший локальный web-сервер и каждые 2 минуты передает среднее значение мощности на сайт cosm.com.\r\nДанные на web-сервере обновляются при получении данных от приемника — каждые 10 секунд. При вычислении средней мощности в скрипте учитывается то, что реальная мощность не может быть равна 0 — при получении новой величины мощности, не равной нулю, все предыдущие нулевые значения замещаются новым значением.\r\n\r\nТак выглядит web-страница сервера, открытая на телефоне:  \r\n![http://img-fotki.yandex.ru/get/5645/14557097.1/0_acaab_e9ee000a_L.jpg](http://img-fotki.yandex.ru/get/5645/14557097.1/0_acaab_e9ee000a_L.jpg "http://img-fotki.yandex.ru/get/5645/14557097.1/0_acaab_e9ee000a_L.jpg")  \r\nГрафики с Cosm.com  \r\n![http://habrastorage.org/storage2/efb/67b/e6a/efb67be6a72d7e624ffbfa60e906c83a.png](http://habrastorage.org/storage2/efb/67b/e6a/efb67be6a72d7e624ffbfa60e906c83a.png "http://habrastorage.org/storage2/efb/67b/e6a/efb67be6a72d7e624ffbfa60e906c83a.png")  \r\n[Python скрипт для роутера](https://dl.dropbox.com/u/66555655/router_script.py "https://dl.dropbox.com/u/66555655/router_script.py")  \r\n[Исходный код и прошивка для контроллера](https://dl.dropbox.com/u/66555655/code_chip_logger.zip "https://dl.dropbox.com/u/66555655/code_chip_logger.zip")  \r\n[Оригинал статьи](http://habrahabr.ru/post/169069/ "http://habrahabr.ru/post/169069/")\r\n', '', 2, 1360823205, 1378718297, 66, '![http://habrastorage.org/storage2/3d5/f1d/249/3d5f1d249dfb97c7e7948587efb81e5f.jpg](http://habrastorage.org/storage2/3d5/f1d/249/3d5f1d249dfb97c7e7948587efb81e5f.jpg "http://habrastorage.org/storage2/3d5/f1d/249/3d5f1d249dfb97c7e7948587efb81e5f.jpg")\r\n  В статье я расскажу о том, как получить данные о мощности с электросчетчика и вывести их в интернет.\r\nСразу скажу, что несмотря на то, что счетчик цифровой, и имеет цифровые интерфейсы для связи с внешним контрольным оборудованием, я не использую их (почему — ниже).', 2, 2, NULL, 123, 23, 1),
(6, 'Очередной мастер-класс по автоматизации технологических   процессов на ТЭС от филиала ООО «КЭР-Инжиниринг» «КЭР-Автоматика»', '![http://atpp.in/uploads/sm_f58a5ac925dac3c98be07830d044e73e.jpg](http://atpp.in/uploads/sm_f58a5ac925dac3c98be07830d044e73e.jpg "http://atpp.in/uploads/sm_f58a5ac925dac3c98be07830d044e73e.jpg")  \r\n11-14 марта состоится очередной мастер-класс от филиала ООО «КЭР-Инжиниринг» «КЭР-Автоматика». Ведущий лектор: Махмутова И.Д., руководитель УТЦ «КЭР-Автоматика».  \r\n\r\n11 марта планируется экскурсия в филиал ООО «КЭР-Инжиниринг» «КЭР-Автоматика». Основная задача студентам – познакомится с возможным местом прохождения летней практики и пройти собеседование.\r\n12-14 марта Махмутова И.Д. проведет лекции на тему «Основы технологических процессов на ТЭС». Ориентировочное время с 13.00 до 17.00.  \r\n\r\n14 марта пройдут 2 мини-конкурса. Победители получат небольшие призы от кафедры, а так же возможность хорошо зарекомендовать себя перед преподавателями кафедры и Махмутовой И.Д.\r\n\r\nКонкурс 1. Энергетика города будущего.  \r\n\r\nСовременный город невозможно представить без электричества: жилые дома, офисы, предприятия, уличное освещение, электротранспорт – всему нужна электрическая энергия. Но электроэнергию необходимо выработать, а потом доставить до потребляющего устройства.   \r\n\r\nПредставьте, что вы живете в 2030-м году. Как ваш город будет получать электроэнергию? Может в вашем городе энергия будет передаваться без проводов (тогда на каком физическом принципе будет основана передача энергии), а может рядом с устройством которому нужна электроэнергия будет установлен компактный минигенератор? Приветствуются фантазия и оригинальность, но так же оцениваться будет проработанность и обоснованность. Объем презентации не более 10 слайдов.\r\n\r\nКонкурс 2. Конструкция паровой турбины.  \r\n\r\nНеобходимо будет пройти компьютерный тест по конструкции паровой турбины К-200-130. Победит тот кто, наберет максимальное количество баллов.  \r\n\r\nПодготовится к тесту можно в В-419.\r\n', '', 2, 1361362067, 1378469595, 65, '![http://atpp.in/uploads/sm_f58a5ac925dac3c98be07830d044e73e.jpg](http://atpp.in/uploads/sm_f58a5ac925dac3c98be07830d044e73e.jpg "http://atpp.in/uploads/sm_f58a5ac925dac3c98be07830d044e73e.jpg") \r\n11-14 марта состоится очередной мастер-класс от филиала ООО «КЭР-Инжиниринг» «КЭР-Автоматика». Ведущий лектор: Махмутова И.Д., руководитель УТЦ «КЭР-Автоматика». ', 1, 2, 244, 355, 22, 1);
INSERT INTO `tbl_post` (`id`, `title`, `content`, `tags`, `status`, `create_time`, `update_time`, `author_id`, `content_previews`, `topic`, `show_foto`, `cover_id`, `prosmotr`, `profile_id`, `rating`) VALUES
(8, 'Наш сайт на github!', '![http://atpp.in/uploads/84de97baf27460dc642863d18b44b816.png](http://atpp.in/uploads/84de97baf27460dc642863d18b44b816.png "http://atpp.in/uploads/84de97baf27460dc642863d18b44b816.png")\r\nВсем доброго времени суток.\r\nРад сообщить всем, что теперь исходники нашего сайта находятся в свободном доступе на github.com.\r\nВот он наш репозиторий   [atpp.in](https://github.com/lkdnvc/atpp "https://github.com/lkdnvc/atpp")\r\n  \r\n\r\n\r\n### Что это такое?\r\nGitHub — самый большой веб-сервис для хостинга проектов и их совместной разработки.  \r\nСсылка на вики [GitHub ](http://ru.wikipedia.org/wiki/GitHub "http://ru.wikipedia.org/wiki/GitHub")\r\n\r\n### Зачем нам это?\r\nТеперь каждый из вас сможет участвовать в разработке и судьбе сайта в режиме [Open source](http://ru.wikipedia.org/wiki/Open_source "http://ru.wikipedia.org/wiki/Open_source")  \r\n\r\n### Как я могу участвовать в разработке сайта?\r\nВсе просто. Нашему сайту требуются самые разные люди:  \r\n- программисты  \r\n- дизайнеры  \r\n- верстальщики  \r\n- администраторы  \r\n- ну и конечно хорошая идея никогда не будет лишней\r\n\r\n\r\n### Не умете программировать, рисовать и верстать?\r\nА хоте ли бы вы научиться чему либо?  \r\nЕсли ваш ответ -Да!\r\nДобро пожаловать! Задавайте любые вопросы, Наша команда разработчиков(в моем лице) всегда будет рада вам помочь и научить).  \r\nЛюбые комментарии приветствуются.\r\n', '', 2, 1361966993, 1378715313, 65, '![http://atpp.in/uploads/84de97baf27460dc642863d18b44b816.png](http://atpp.in/uploads/84de97baf27460dc642863d18b44b816.png "http://atpp.in/uploads/84de97baf27460dc642863d18b44b816.png")\r\nВсем доброго времени суток.\r\nРад сообщить всем, что теперь исходники нашего сайта находятся в свободном доступе на github.com.\r\nВот он наш репозиторий   [atpp.in](https://github.com/lkdnvc/atpp "https://github.com/lkdnvc/atpp")', 1, 2, 259, 268, 22, 1),
(15, 'Фотоотчет поездки групп УИТ  и АТ  на ТЭЦ-3', 'Фотоотчет поездки групп [УИТ-1-09](http://atpp.in/reestr/group/1 "http://atpp.in/reestr/group/1")  и [АТ-1-09](http://atpp.in/reestr/group/5 "http://atpp.in/reestr/group/5")  на ТЭЦ-3\r\n  \r\nПрошу прощенья за плохое качество снимков.  \r\nТак как производить фото-видео съемку на ТЭЦ запрещено, пришлось рисковать и снимать на телефон.\r\nВсю ответственность за материал берет на себя автор поста [Максим Грязнов](http://atpp.in/user/ViewProfile/22 "http://atpp.in/user/ViewProfile/22").  \r\n\r\n![http://atpp.in/uploads/oli_6bd8d2417495d237726876feeb67117b.jpg](http://atpp.in/uploads/oli_6bd8d2417495d237726876feeb67117b.jpg "http://atpp.in/uploads/oli_6bd8d2417495d237726876feeb67117b.jpg")\r\n  \r\n\r\n![Руслан радуется](http://atpp.in/uploads/oli_8859bf5f72ffbc464fe5af09bd8c9c86.jpg "Руслан радуется")  \r\n\r\n![Руслан радуется](http://atpp.in/uploads/oli_fb3c8af6f89787b903ff0c0bb280a80b.jpg "Руслан радуется")  \r\nОстальны фотографии доступны по [ссылке](http://atpp.in/post/scrapbook?post_id=15 "http://atpp.in/post/scrapbook?post_id=15") ниже.', '', 2, 1365511384, 1378715068, 65, 'Фотоотчет поездки групп [УИТ-1-09](http://atpp.in/reestr/group/1 "http://atpp.in/reestr/group/1")  и [АТ-1-09](http://atpp.in/reestr/group/5 "http://atpp.in/reestr/group/5")  на ТЭЦ-3\r\n  \r\nПрошу прощенья за плохое качество снимков.  \r\nТак как производить фото-видео съемку на ТЭЦ запрещено, пришлось рисковать и снимать на телефон.\r\nВсю ответственность за материал берет на себя автор поста [Максим Грязнов](http://atpp.in/user/ViewProfile/22 "http://atpp.in/user/ViewProfile/22").  \r\n\r\n![http://atpp.in/uploads/oli_6bd8d2417495d237726876feeb67117b.jpg](http://atpp.in/uploads/oli_6bd8d2417495d237726876feeb67117b.jpg "http://atpp.in/uploads/oli_6bd8d2417495d237726876feeb67117b.jpg")', 1, 1, 301, 309, 22, 1),
(10, 'Мастер-класс Махмутовой И.Д. 11-14 марта', '11-14 марта студенты кафедры АТПП приняли участие в мастер-классе от руководителя УТЦ «КЭР-Автоматика»  Махмутовой И.Д. В этом семестре в уже традиционном мероприятии  было и нововведение – был впервые проведен мини-конкурс на знание конструкции турбины.\r\n\r\nОсновной целью мастер-класса являлось познакомить ребят с технологиями необходимыми для их будущей деятельности в энергетике. Было рассказано о главном назначении электростанций и об использовании возобновляемых источников энергии. Также, был детально рассмотрен принцип работы турбины.\r\n\r\nНа мероприятии был рассмотрен теоретический материал, практические задачи и проведен конкурс. Отвечая на вопросы участников мастер-класса, Ильнура Джунусовна откровенно рассказала о том, что думает о будущем всей мировой энергетики. Также была затронута проблема использования ядерной энергии. Студенты узнали о требованиях, предъявляемых к соискателям серьезными работодателями и о профессиональных навыках, необходимых в энергетике, одной из самых перспективных направлений на сегодняшний день.\r\n\r\nПоследним этапом мастер-класса стал конкурс на знание конструкции турбины, где по завершении всем участникам были вручены призы.\r\n\r\nТакие мастер-классы – первый «шаг» для будущего энергетика к карьере.\r\n\r\nПланируется проводить и другие мероприятия, в ходе которых участники смогут проявить свою креативность, профессионализм и получить высокую оценку со стороны возможно будущих работодателей.\r\n\r\nP.S.: Будем рады, если участники мастер-класса поделятся своими впечатлениями и пожеланиями.\r\n\r\n', '', 2, 1363694279, 1377469436, 91, '11-14 марта студенты кафедры АТПП приняли участие в мастер-классе от руководителя УТЦ «КЭР-Автоматика»  Махмутовой И.Д.', 1, 2, 283, 153, 42, 2),
(16, 'iВолга - 2013', '18-28 июля 2013 года в Самаре на Мастрюковских озерах прошел молодежный форум Приволжского федерального округа «iВолга-2013». (http://ivolgaforum.ru)\r\n![http://atpp.in/uploads/db41554a193b58ea848f08e4d78943ca.jpg](http://atpp.in/uploads/db41554a193b58ea848f08e4d78943ca.jpg "http://atpp.in/uploads/db41554a193b58ea848f08e4d78943ca.jpg")\r\nВсего на официальном сайте Форума было зарегистрировано  4 467 заявки из 14 регионов Приволжского федерального округа. Наша заявка прошла первичный отбор, в результате которого в форуме приняли участие более 2000 человек, представив более 1100 проектов. \r\nВ приветственной речи полномочный представитель Президента Российской Федерации в Приволжском федеральном округе Михаил Викторович Бабич сказал: «На таких встречах каждый молодой человек имеет возможность проявить свои таланты, представить широкому зрителю и квалифицированным экспертам свои проекты и идеи. Главное для вас – людей инициативных, творческих, креативных – не только поддержка будущих идей и разработок, но и расширение границ общения, новые знакомства с друзьями и единомышленниками».\r\n9 дней на 8 разных сменах – «Инновации и техническое творчество», «Ты - предприниматель», «Строительство и ЖКХ», «Информационный поток», «Политика», «Технология добра», «Беги за мной», «Арт квадрат» - проходили образовательные программы, беседы с экспертами.\r\n![http://atpp.in/uploads/sm_35e9070e51b260e11f0c242798ac5daf.jpg](http://atpp.in/uploads/sm_35e9070e51b260e11f0c242798ac5daf.jpg "http://atpp.in/uploads/sm_35e9070e51b260e11f0c242798ac5daf.jpg")\r\n ![http://atpp.in/uploads/sm_3ef9712ddf203626ebff66a6751469e4.jpg](http://atpp.in/uploads/sm_3ef9712ddf203626ebff66a6751469e4.jpg "http://atpp.in/uploads/sm_3ef9712ddf203626ebff66a6751469e4.jpg")\r\nВ середине работы Молодёжного форума ПФО «iВолга-2013» произошло самое главное событие: конкурс проектов перешёл в финальную стадию – представленные работы оценивали эксперты федерального уровня. На федеральный этап конвейера молодежных проектов прошло 400 проектов – 36 проектов из Татарстана. В ходе образовательной программы мы смогли доработать проект, подтянуть до определенного уровня и так же вышли на федеральный этап.\r\n![http://atpp.in/uploads/sm_d6a40c96c67a4998edc7bc1504ab15c8.jpg](http://atpp.in/uploads/sm_d6a40c96c67a4998edc7bc1504ab15c8.jpg "http://atpp.in/uploads/sm_d6a40c96c67a4998edc7bc1504ab15c8.jpg")\r\nВ свободное от образовательных программ время «iВолга» предлагала каждому участнику занятие на свой вкус – спортивные соревнования, танцы, стрельба из лука, джампинг, плавание на байдарках, интеллектуальные игры и вечерняя дискотека.\r\n![http://atpp.in/uploads/94e180eb21f429935ad8c5bef88d5701.jpg](http://atpp.in/uploads/94e180eb21f429935ad8c5bef88d5701.jpg "http://atpp.in/uploads/94e180eb21f429935ad8c5bef88d5701.jpg")\r\n![http://atpp.in/uploads/sm_9feb0c3cdfa8f74f71bc7a26812bef2f.jpg](http://atpp.in/uploads/sm_9feb0c3cdfa8f74f71bc7a26812bef2f.jpg "http://atpp.in/uploads/sm_9feb0c3cdfa8f74f71bc7a26812bef2f.jpg")\r\n![http://atpp.in/uploads/sm_f4b44be42a38866470a5f19f871b5777.jpg](http://atpp.in/uploads/sm_f4b44be42a38866470a5f19f871b5777.jpg "http://atpp.in/uploads/sm_f4b44be42a38866470a5f19f871b5777.jpg")\r\n![http://atpp.in/uploads/sm_24bc5d1a3791c58b4c7190260b7dfdf5.jpg](http://atpp.in/uploads/sm_24bc5d1a3791c58b4c7190260b7dfdf5.jpg "http://atpp.in/uploads/sm_24bc5d1a3791c58b4c7190260b7dfdf5.jpg")\r\n27 июня поздравить с Днем молодежи приехали Полномочный представитель Президента РФ Михаил Бабич, руководитель Федерального агентства по делам молодежи Сергей Белоконев, а также главы всех 14 субъектов Приволжского федерального округа. По итогам «iВолги» 40 проектов получили финансовую поддержку, часть участников форума получили путевки на «Селигер 2013» и рекомендации на участие в ряде федеральных конкурсов. И еще 16 человек, чьи идеи были отмечены на федеральном уровне, поедут на Байконур и станут свидетелями запуска ракеты-носителя.\r\n ![http://atpp.in/uploads/sm_847fb9e4f58d632d2c6d7afed62f7398.jpg](http://atpp.in/uploads/sm_847fb9e4f58d632d2c6d7afed62f7398.jpg "http://atpp.in/uploads/sm_847fb9e4f58d632d2c6d7afed62f7398.jpg")\r\nНесмотря на значительные проблемы в организации форума, участники получили массу удовольствия от общения с инициативными, талантливыми и целеустремленными сверстниками, получили много опыта, у многих появились идеи по следующим проектам.\r\nФорум предоставил уникальную возможность обменяться опытом, установить деловые и дружеские контакты. Здесь на Форуме ребята получили инструментарий, которым можно воспользоваться, чтобы в дальнейшем воплотить свои проекты в жизнь.\r\n![http://atpp.in/uploads/sm_96d1519da443de3a1b3ea39df7f2ea9c.jpg](http://atpp.in/uploads/sm_96d1519da443de3a1b3ea39df7f2ea9c.jpg "http://atpp.in/uploads/sm_96d1519da443de3a1b3ea39df7f2ea9c.jpg")\r\n![http://atpp.in/uploads/sm_4a011b5f0da8cd9e165e64b4fa55e6af.jpg](http://atpp.in/uploads/sm_4a011b5f0da8cd9e165e64b4fa55e6af.jpg "http://atpp.in/uploads/sm_4a011b5f0da8cd9e165e64b4fa55e6af.jpg")', '', 1, 1373098849, 1378478115, 74, '18-28 июля 2013 года прошел молодежный форум Приволжского федерального округа «iВолга». \r\nПредставители от нашей кафедры, Галиев Азат и Хакимуллина Алия, участвовали с проектом «Интеллектуальная система управления индивидуальными тепловыми пунктами» в смене "Строительство и ЖКХ".\r\n![http://atpp.in/uploads/sm_b30a18227a993c093670af2eb7940343.jpg](http://atpp.in/uploads/sm_b30a18227a993c093670af2eb7940343.jpg "http://atpp.in/uploads/sm_b30a18227a993c093670af2eb7940343.jpg")', 1, 1, 368, 12, 27, NULL),
(17, 'iВолга - 2013', '18-28 июля 2013 года в Самаре на Мастрюковских озерах прошел молодежный форум Приволжского федерального округа «iВолга-2013». (http://ivolgaforum.ru)\r\n![http://atpp.in/uploads/db41554a193b58ea848f08e4d78943ca.jpg](http://atpp.in/uploads/db41554a193b58ea848f08e4d78943ca.jpg "http://atpp.in/uploads/db41554a193b58ea848f08e4d78943ca.jpg")\r\nВсего на официальном сайте Форума было зарегистрировано  4 467 заявки из 14 регионов Приволжского федерального округа. Наша заявка прошла первичный отбор, в результате которого в форуме приняли участие более 2000 человек, представив более 1100 проектов. \r\nВ приветственной речи полномочный представитель Президента Российской Федерации в Приволжском федеральном округе Михаил Викторович Бабич сказал: «На таких встречах каждый молодой человек имеет возможность проявить свои таланты, представить широкому зрителю и квалифицированным экспертам свои проекты и идеи. Главное для вас – людей инициативных, творческих, креативных – не только поддержка будущих идей и разработок, но и расширение границ общения, новые знакомства с друзьями и единомышленниками».\r\n9 дней на 8 разных сменах – «Инновации и техническое творчество», «Ты - предприниматель», «Строительство и ЖКХ», «Информационный поток», «Политика», «Технология добра», «Беги за мной», «Арт квадрат» - проходили образовательные программы, беседы с экспертами.\r\n![http://atpp.in/uploads/sm_35e9070e51b260e11f0c242798ac5daf.jpg](http://atpp.in/uploads/sm_35e9070e51b260e11f0c242798ac5daf.jpg "http://atpp.in/uploads/sm_35e9070e51b260e11f0c242798ac5daf.jpg")\r\n ![http://atpp.in/uploads/sm_3ef9712ddf203626ebff66a6751469e4.jpg](http://atpp.in/uploads/sm_3ef9712ddf203626ebff66a6751469e4.jpg "http://atpp.in/uploads/sm_3ef9712ddf203626ebff66a6751469e4.jpg")\r\nВ середине работы Молодёжного форума ПФО «iВолга-2013» произошло самое главное событие: конкурс проектов перешёл в финальную стадию – представленные работы оценивали эксперты федерального уровня. На федеральный этап конвейера молодежных проектов прошло 400 проектов – 36 проектов из Татарстана. В ходе образовательной программы мы смогли доработать проект, подтянуть до определенного уровня и так же вышли на федеральный этап.\r\n![http://atpp.in/uploads/sm_d6a40c96c67a4998edc7bc1504ab15c8.jpg](http://atpp.in/uploads/sm_d6a40c96c67a4998edc7bc1504ab15c8.jpg "http://atpp.in/uploads/sm_d6a40c96c67a4998edc7bc1504ab15c8.jpg")\r\nВ свободное от образовательных программ время «iВолга» предлагала каждому участнику занятие на свой вкус – спортивные соревнования, танцы, стрельба из лука, джампинг, плавание на байдарках, интеллектуальные игры и вечерняя дискотека.\r\n![http://atpp.in/uploads/94e180eb21f429935ad8c5bef88d5701.jpg](http://atpp.in/uploads/94e180eb21f429935ad8c5bef88d5701.jpg "http://atpp.in/uploads/94e180eb21f429935ad8c5bef88d5701.jpg")\r\n![http://atpp.in/uploads/sm_9feb0c3cdfa8f74f71bc7a26812bef2f.jpg](http://atpp.in/uploads/sm_9feb0c3cdfa8f74f71bc7a26812bef2f.jpg "http://atpp.in/uploads/sm_9feb0c3cdfa8f74f71bc7a26812bef2f.jpg")\r\n![http://atpp.in/uploads/sm_f4b44be42a38866470a5f19f871b5777.jpg](http://atpp.in/uploads/sm_f4b44be42a38866470a5f19f871b5777.jpg "http://atpp.in/uploads/sm_f4b44be42a38866470a5f19f871b5777.jpg")\r\n![http://atpp.in/uploads/sm_24bc5d1a3791c58b4c7190260b7dfdf5.jpg](http://atpp.in/uploads/sm_24bc5d1a3791c58b4c7190260b7dfdf5.jpg "http://atpp.in/uploads/sm_24bc5d1a3791c58b4c7190260b7dfdf5.jpg")\r\n27 июня поздравить с Днем молодежи приехали Полномочный представитель Президента РФ Михаил Бабич, руководитель Федерального агентства по делам молодежи Сергей Белоконев, а также главы всех 14 субъектов Приволжского федерального округа. По итогам «iВолги» 40 проектов получили финансовую поддержку, часть участников форума получили путевки на «Селигер 2013» и рекомендации на участие в ряде федеральных конкурсов. И еще 16 человек, чьи идеи были отмечены на федеральном уровне, поедут на Байконур и станут свидетелями запуска ракеты-носителя.\r\n ![http://atpp.in/uploads/sm_847fb9e4f58d632d2c6d7afed62f7398.jpg](http://atpp.in/uploads/sm_847fb9e4f58d632d2c6d7afed62f7398.jpg "http://atpp.in/uploads/sm_847fb9e4f58d632d2c6d7afed62f7398.jpg")\r\nНесмотря на значительные проблемы в организации форума, участники получили массу удовольствия от общения с инициативными, талантливыми и целеустремленными сверстниками, получили много опыта, у многих появились идеи по следующим проектам.\r\nФорум предоставил уникальную возможность обменяться опытом, установить деловые и дружеские контакты. Здесь на Форуме ребята получили инструментарий, которым можно воспользоваться, чтобы в дальнейшем воплотить свои проекты в жизнь.\r\n![http://atpp.in/uploads/sm_96d1519da443de3a1b3ea39df7f2ea9c.jpg](http://atpp.in/uploads/sm_96d1519da443de3a1b3ea39df7f2ea9c.jpg "http://atpp.in/uploads/sm_96d1519da443de3a1b3ea39df7f2ea9c.jpg")\r\n![http://atpp.in/uploads/sm_4a011b5f0da8cd9e165e64b4fa55e6af.jpg](http://atpp.in/uploads/sm_4a011b5f0da8cd9e165e64b4fa55e6af.jpg "http://atpp.in/uploads/sm_4a011b5f0da8cd9e165e64b4fa55e6af.jpg")', '', 1, 1373099496, 1373099535, 74, '18-28 июля 2013 года прошел молодежный форум Приволжского федерального округа «iВолга». \r\nПредставители от нашей кафедры, Галиев Азат и Хакимуллина Алия, участвовали с проектом «Интеллектуальная система управления индивидуальными тепловыми пунктами» в смене "Строительство и ЖКХ".\r\n![http://atpp.in/uploads/b58ae4ef6af3d20638c4bec13e3e6fa4.jpg](http://atpp.in/uploads/b58ae4ef6af3d20638c4bec13e3e6fa4.jpg "http://atpp.in/uploads/b58ae4ef6af3d20638c4bec13e3e6fa4.jpg")', 1, 1, NULL, 2, 27, NULL),
(18, 'iВолга - 2013', '18-28 июля 2013 года в Самаре на Мастрюковских озерах прошел молодежный форум Приволжского федерального округа «iВолга-2013». (http://ivolgaforum.ru)\r\n![http://atpp.in/uploads/db41554a193b58ea848f08e4d78943ca.jpg](http://atpp.in/uploads/db41554a193b58ea848f08e4d78943ca.jpg "http://atpp.in/uploads/db41554a193b58ea848f08e4d78943ca.jpg")\r\nВсего на официальном сайте Форума было зарегистрировано  4 467 заявки из 14 регионов Приволжского федерального округа. Наша заявка прошла первичный отбор, в результате которого в форуме приняли участие более 2000 человек, представив более 1100 проектов. \r\nВ приветственной речи полномочный представитель Президента Российской Федерации в Приволжском федеральном округе Михаил Викторович Бабич сказал: «На таких встречах каждый молодой человек имеет возможность проявить свои таланты, представить широкому зрителю и квалифицированным экспертам свои проекты и идеи. Главное для вас – людей инициативных, творческих, креативных – не только поддержка будущих идей и разработок, но и расширение границ общения, новые знакомства с друзьями и единомышленниками».\r\n9 дней на 8 разных сменах – «Инновации и техническое творчество», «Ты - предприниматель», «Строительство и ЖКХ», «Информационный поток», «Политика», «Технология добра», «Беги за мной», «Арт квадрат» - проходили образовательные программы, беседы с экспертами.\r\n![http://atpp.in/uploads/sm_35e9070e51b260e11f0c242798ac5daf.jpg](http://atpp.in/uploads/sm_35e9070e51b260e11f0c242798ac5daf.jpg "http://atpp.in/uploads/sm_35e9070e51b260e11f0c242798ac5daf.jpg")\r\n ![http://atpp.in/uploads/sm_3ef9712ddf203626ebff66a6751469e4.jpg](http://atpp.in/uploads/sm_3ef9712ddf203626ebff66a6751469e4.jpg "http://atpp.in/uploads/sm_3ef9712ddf203626ebff66a6751469e4.jpg")\r\nВ середине работы Молодёжного форума ПФО «iВолга-2013» произошло самое главное событие: конкурс проектов перешёл в финальную стадию – представленные работы оценивали эксперты федерального уровня. На федеральный этап конвейера молодежных проектов прошло 400 проектов – 36 проектов из Татарстана. В ходе образовательной программы мы смогли доработать проект, подтянуть до определенного уровня и так же вышли на федеральный этап.\r\n![http://atpp.in/uploads/sm_d6a40c96c67a4998edc7bc1504ab15c8.jpg](http://atpp.in/uploads/sm_d6a40c96c67a4998edc7bc1504ab15c8.jpg "http://atpp.in/uploads/sm_d6a40c96c67a4998edc7bc1504ab15c8.jpg")\r\nВ свободное от образовательных программ время «iВолга» предлагала каждому участнику занятие на свой вкус – спортивные соревнования, танцы, стрельба из лука, джампинг, плавание на байдарках, интеллектуальные игры и вечерняя дискотека.\r\n![http://atpp.in/uploads/94e180eb21f429935ad8c5bef88d5701.jpg](http://atpp.in/uploads/94e180eb21f429935ad8c5bef88d5701.jpg "http://atpp.in/uploads/94e180eb21f429935ad8c5bef88d5701.jpg")\r\n![http://atpp.in/uploads/sm_9feb0c3cdfa8f74f71bc7a26812bef2f.jpg](http://atpp.in/uploads/sm_9feb0c3cdfa8f74f71bc7a26812bef2f.jpg "http://atpp.in/uploads/sm_9feb0c3cdfa8f74f71bc7a26812bef2f.jpg")\r\n![http://atpp.in/uploads/sm_f4b44be42a38866470a5f19f871b5777.jpg](http://atpp.in/uploads/sm_f4b44be42a38866470a5f19f871b5777.jpg "http://atpp.in/uploads/sm_f4b44be42a38866470a5f19f871b5777.jpg")\r\n![http://atpp.in/uploads/sm_24bc5d1a3791c58b4c7190260b7dfdf5.jpg](http://atpp.in/uploads/sm_24bc5d1a3791c58b4c7190260b7dfdf5.jpg "http://atpp.in/uploads/sm_24bc5d1a3791c58b4c7190260b7dfdf5.jpg")\r\n27 июня поздравить с Днем молодежи приехали Полномочный представитель Президента РФ Михаил Бабич, руководитель Федерального агентства по делам молодежи Сергей Белоконев, а также главы всех 14 субъектов Приволжского федерального округа. По итогам «iВолги» 40 проектов получили финансовую поддержку, часть участников форума получили путевки на «Селигер 2013» и рекомендации на участие в ряде федеральных конкурсов. И еще 16 человек, чьи идеи были отмечены на федеральном уровне, поедут на Байконур и станут свидетелями запуска ракеты-носителя.\r\n ![http://atpp.in/uploads/sm_847fb9e4f58d632d2c6d7afed62f7398.jpg](http://atpp.in/uploads/sm_847fb9e4f58d632d2c6d7afed62f7398.jpg "http://atpp.in/uploads/sm_847fb9e4f58d632d2c6d7afed62f7398.jpg")\r\nНесмотря на значительные проблемы в организации форума, участники получили массу удовольствия от общения с инициативными, талантливыми и целеустремленными сверстниками, получили много опыта, у многих появились идеи по следующим проектам.\r\nФорум предоставил уникальную возможность обменяться опытом, установить деловые и дружеские контакты. Здесь на Форуме ребята получили инструментарий, которым можно воспользоваться, чтобы в дальнейшем воплотить свои проекты в жизнь.\r\n![http://atpp.in/uploads/sm_96d1519da443de3a1b3ea39df7f2ea9c.jpg](http://atpp.in/uploads/sm_96d1519da443de3a1b3ea39df7f2ea9c.jpg "http://atpp.in/uploads/sm_96d1519da443de3a1b3ea39df7f2ea9c.jpg")\r\n![http://atpp.in/uploads/sm_4a011b5f0da8cd9e165e64b4fa55e6af.jpg](http://atpp.in/uploads/sm_4a011b5f0da8cd9e165e64b4fa55e6af.jpg "http://atpp.in/uploads/sm_4a011b5f0da8cd9e165e64b4fa55e6af.jpg")', '', 2, 1373099626, 1378715061, 74, '18-28 июля 2013 года прошел молодежный форум Приволжского федерального округа «iВолга». \r\nПредставители от нашей кафедры, Галиев Азат и Хакимуллина Алия, участвовали с проектом «Интеллектуальная система управления индивидуальными тепловыми пунктами» в смене "Строительство и ЖКХ".\r\n![http://atpp.in/uploads/4ce76b7b53de530a0a28b6970088578e.jpg](http://atpp.in/uploads/4ce76b7b53de530a0a28b6970088578e.jpg "http://atpp.in/uploads/4ce76b7b53de530a0a28b6970088578e.jpg")', 1, 1, 385, 125, 27, 3);

-- --------------------------------------------------------

--
-- Структура таблицы `tbl_predmet`
--

CREATE TABLE IF NOT EXISTS `tbl_predmet` (
  `id` int(128) NOT NULL AUTO_INCREMENT,
  `name` varchar(128) NOT NULL,
  `text` text,
  `cafedra_id` int(128) DEFAULT NULL,
  PRIMARY KEY (`id`)
) ENGINE=MyISAM  DEFAULT CHARSET=utf8 AUTO_INCREMENT=74 ;

--
-- Дамп данных таблицы `tbl_predmet`
--

INSERT INTO `tbl_predmet` (`id`, `name`, `text`, `cafedra_id`) VALUES
(12, 'Инженерная компьютерная графика', '                    Инженерная графика\r\n<br/><br/>\r\nСовременное технологическое оборудование, машины, приборы и системы не представляется возможным освоить, не зная предмет «Инженерная графика». Каждый работник инженерного направления, связанного с техникой, производством изделий, монтажом, сборкой, эксплуатацией и контролем должен владеть им в совершенстве.\r\n<br/><br/>\r\nЧто же такое инженерная графика? Говоря по научному, инженерная графика — это дисциплина, которая изучает, как строится и оформляется технический чертеж. А чертеж представляет собой документ, содержащий контурное изображение предмета, а также иные данные, требуемые при изготовлении, контроле и идентификации изделия. Кроме того, он содержит информацию, необходимую для операций непосредственно с самим документом.\r\n<br/><br/>\r\nБазой для данного предмета является начертательная геометрия. Это раздел геометрии, где изучаются пространственные фигуры путем создания изображений на плоскости, а также методики исследования и решения пространственных задач на плоской поверхности.                  ', 17),
(13, 'Информатика', '                Информа́тика (от информация и автоматика) — наука о методах и процессах сбора, хранения, обработки, анализа и оценивания информации, обеспечивающих возможность её использования для принятия решений. Она включает дисциплины, относящиеся к обработке информации в вычислительных машинах и вычислительных сетях: как абстрактные, вроде анализа алгоритмов, так и конкретные, например разработка языков программирования и протоколов передачи данных.\r\n<br/><br/>\r\nТемами исследований в информатике являются вопросы: что можно, а что нельзя реализовать в программах и базах данных (теория вычислимости и искусственный интеллект), каким образом можно решать специфические вычислительные и информационные задачи с максимальной эффективностью (теория сложности вычислений), в каком виде следует хранить и восстанавливать информацию специфического вида (структуры и базы данных), как программы и люди должны взаимодействовать друг с другом (пользовательский интерфейс и языки программирования и представление знаний) и т. п.  ', 37),
(14, 'Химия', '                Хи́мия — одна из важнейших и обширных областей естествознания, наука о веществах, их свойствах, строении и превращениях, происходящих в результате химических реакций, а также фундаментальных законах, которым эти превращения подчиняются. Поскольку все вещества состоят из атомов, которые благодаря химическим связям способны формировать молекулы, то химия занимается в основном изучением взаимодействий между атомами и молекулами, полученными в результате таких взаимодействий. Предмет химии — химические элементы и их соединения, а также закономерности, которым подчиняются различные химические реакции.  ', 23),
(15, 'Математика', '                Матема́тика  — наука о структурах, порядке и отношениях, которая исторически сложилась на основе операций подсчёта, измерения и описания форм реальных объектов[1]. Математические объекты создаются путём идеализации свойств реальных или других математических объектов и записи этих свойств на формальном языке. Математика не относится к естественным наукам, но широко используется в них как для точной формулировки их содержания, так и для получения новых результатов.\r\n<br/>\r\n Математика — фундаментальная наука, предоставляющая (общие) языковые средства другим наукам; тем самым она выявляет их структурную взаимосвязь и способствует нахождению самых общих законов природы.  ', 41),
(16, 'Физика', '    Фи́зика (от др.-греч. φύσις — природа) — область естествознания. Наука, изучающая наиболее общие и фундаментальные закономерности, определяющие структуру и эволюцию материального мира. Законы физики лежат в основе всего естествознания. \r\n<br/><br/>\r\nТермин «физика» впервые появился в сочинениях одного из величайших мыслителей древности — Аристотеля, жившего в четвертом веке до нашей эры. Первоначально термины «физика» и «философия» были синонимичны, поскольку обе дисциплины пытаются объяснить законы функционирования Вселенной. Однако в результате научной революции XVI века физика выделилась в отдельное научное направление.\r\n<br/><br/>\r\nВ русский язык слово «физика» было введено Михаилом Васильевичем Ломоносовым, когда он издал первый в России учебник физики в переводе с немецкого языка. Первый русский учебник под названием «Краткое начертание физики» был написан первым русским академиком П. И. Страховым.\r\n<br/><br/>\r\nВ современном мире значение физики чрезвычайно велико. Всё то, чем отличается современное общество от общества прошлых веков, появилось в результате применения на практике физических открытий. Так, исследования в области электромагнетизма привели к появлению телефонов и позже мобильных телефонов, открытия в термодинамике позволили создать автомобиль, развитие электроники привело к появлению компьютеров.  ', 42),
(17, 'Иностранный язык', '      ', 13),
(18, 'Физическое воспитание', '      ', 24),
(19, 'ВВС', '(введение в специальность)', 28),
(20, 'Теоретическая Механика', '                    Теорети́ческая меха́ника — наука об общих законах механического движения и взаимодействия материальных тел. Будучи по существу одним из разделов физики, теоретическая механика, вобрав в себя фундаментальную основу в виде аксиоматики, выделилась в самостоятельную науку и получила широкое развитие благодаря своим обширным и важным приложениям в естествознании и технике, одной из основ которой она является.    ', NULL),
(21, 'ОКРЯ', '      ', 15),
(22, 'Программирование и основы алгоритмизации', '      ', 35),
(23, 'Материаловедение', '                Материаловедение — междисциплинарный раздел науки, изучающий изменения свойств материалов, как в твёрдом, так и в жидком состоянии в зависимости от некоторых факторов. К изучаемым свойствам относятся структура веществ, электронные, термические, химические, магнитные, оптические свойства этих веществ. Материаловедение можно отнести к тем разделам физики и химии, которые занимаются изучением свойств материалов. Кроме того, эта наука использует целый ряд методов, позволяющих исследовать структуру материалов. При изготовлении наукоёмких изделий в промышленности, особенно при работе с объектами микро- и наноразмеров необходимо детально знать характеристику, свойства и строение материалов. Решить эти задачи и призвана наука — материаловедение.  ', 44),
(24, 'ГГД', '                Гидрогазодина́мика — раздел физики сплошных сред, изучающий движение идеальных и реальных жидкости и газа. Как и в других разделах физики сплошных сред, прежде всего осуществляется переход от реальной среды, состоящей из большого числа отдельных атомов или молекул, к абстрактной сплошной среде, для которой и записываются уравнения движения.  ', 21),
(25, 'ТОЭ', '    Теоретические основы электроники<br/>\r\nТОЭ — техническая дисциплина, связанная с изучением теории электричества и электромагнетизма.  ', 36),
(26, 'Сопромат', '            Сопротивление материалов (в обиходе — сопромат) — часть механики деформируемого твёрдого тела, которая рассматривает методы инженерных расчётов конструкций на прочность, жесткость и устойчивость при одновременном удовлетворении требований надежности, экономичности и долговечности. Сопротивление материалов относится к фундаментальным дисциплинам общеинженерной подготовки специалистов с высшим техническим образованием, за исключением специальностей, не связанных с проектированием объектов, для которых прочность является важным показателем.', NULL),
(27, 'Моделирование систем', '      ', 35),
(28, 'ВМСС', '      ', 28),
(29, 'Экология', '                Эколо́гия (от др.-греч. οἶκος — обиталище, жилище, дом, имущество и λόγος — понятие, учение, наука) — наука о взаимодействиях живых организмов и их сообществ между собой и с окружающей средой. Термин впервые предложил немецкий биолог Эрнст Геккель в 1866 году в книге «Общая морфология организмов» («Generelle Morphologie der Organismen»).  ', 48),
(30, 'ТАУ', '                Теория автоматического управления<br/><br/>\r\nТеория автоматического управления (ТАУ) — научная дисциплина, изучающая процессы автоматического управления объектами разной физической природы. При этом при помощи математических средств выявляются свойства систем автоматического управления и разрабатываются рекомендации по их проектированию.\r\n\r\nТеория автоматического управления (ТАУ) — это составная часть технической кибернетики, которая предназначена для разработки общих принципов автоматического управления, а также методов анализа (исследования функционирования) и синтеза (выбора параметров) систем автоматического управления (САУ) техническими объектами.  ', 28),
(31, 'Правоведение', '                Сравнительное правоведение, правовая компаративистика, юридическая компаративистика — отрасль (раздел) правоведения (юридической науки), изучающая правовые системы различных государств путем сопоставления одноименных государственных и правовых институтов, их основных принципов и категорий.  ', 9),
(32, 'Экономика', '                Эконо́мика (от др.-греч. οἶκος — дом и νόμος — правило, закон, буквально «правила ведения хозяйства») — хозяйственная деятельность общества, а также совокупность отношений, складывающихся в системе производства, распределения, обмена и потребления.\r\n<br/><br/>\r\nВпервые в научном труде слово «экономика» появляется в IV в. до н. э. у Ксенофонта, который называет её «естественной наукой». Аристотель противопоставлял экономику хрематистике — отрасли деятельности человека, связанной с извлечением выгоды. В современной философии экономика рассматривается как система общественных отношений, рассмотренных с позиции понятия стоимости. Главная функция экономики состоит в том, чтобы постоянно создавать такие блага, которые необходимы для жизнедеятельности людей и без которых общество не сможет развиваться. Экономика помогает удовлетворить потребности человека в мире ограниченных ресурсов.\r\n<br/><br/>\r\nЭкономика общества представляет собой сложный и всеохватывающий организм, который обеспечивает жизнедеятельность каждого человека и общества.  ', 7),
(34, 'Социология', '                Социоло́гия (от лат. socius — общественный + др.-греч. λόγος — наука) — это наука об обществе, системах, составляющих его, закономерностях его функционирования и развития, социальных институтах, отношениях и общностях.\r\n<br/><br/>\r\nТермин «социология» был введён в научный оборот О. Контом в 1832 году в 47-й лекции «Курса позитивной философии»[1]. По мнению ряда исследователей, О. Конт не был первым, кто ввёл и применил этот термин — известный французский политический деятель и публицист эпохи Великой французской революции и Первой империи аббат Э.-Ж. Сийес на полвека раньше (1780 г.) О. Конта использовал его, вкладывая в термин «социология» (по-французски — «sociologie») несколько иной смысл[2]. В «Курсе позитивной философии» О.Конт обосновывает новую науку — социологию. Конт считал, что социология — это наука, занимающаяся, как и другие науки (формы «позитивного знания»), наблюдением, опытом и сравнением, которые адекватны новому социальному порядку индустриального общества. По мнению Г.Спенсера, основной задачей социологии является изучение эволюционных изменений в социальных структурах и институтах. В. И. Ленин полагал, что только с открытием материалистического понимания истории социология впервые была возведена на ступень науки. \r\n<br/><br/>\r\nНесмотря на политическую и идеологическую ориентацию марксистской теории общества, следует признать, что она, безусловно, содержала немало ценных идей, обогативших социологическую мысль.  ', 10),
(35, 'Русский язык', '      ', 15),
(36, 'ТД и ТМО', '      ', 21),
(37, 'Основы энергосбережения', '      ', 25),
(38, 'Философия', '    Филосо́фия (φιλία — любовь, стремление, жажда + σοφία — мудрость → др.-греч. φιλοσοφία (дословно: любовь к мудрости)) — дисциплина, изучающая наиболее общие существенные характеристики и фундаментальные принципы реальности (бытия) и познания, бытия человека, отношения человека и мира[2][3][4]. К задачам философии на протяжении её истории относились как изучение всеобщих законов развития мира и общества, так и изучение самого процесса познания и мышления, а также изучение нравственных категорий и ценностей. К числу основных философских вопросов, например, относятся вопросы «Что первично — материя или сознание?», «Познаваем ли мир?», «Существует ли Бог?», «Что такое истина?», «Что такое хорошо?» и другие  ', 12),
(39, 'ИРАТ', '    история развития автоматизации  ', 28),
(40, 'Политология', '    Политоло́гия (греч. πολιτικός — общественный, от греч. πολίτης — гражданин, далее от греч. πόλις — город; др.-греч. λόγος — учение, слово), или политическая наука, — наука о политике, то есть об особой сфере жизнедеятельности людей, связанной с властными отношениями, с государственно-политической организацией общества, политическими институтами, принципами, нормами, действие которых призвано обеспечить функционирование общества, взаимоотношения между людьми, обществом и государством.\r\n<br/><br/>\r\nТрадиция преподавания политических наук в России существует с 1755 года, когда по предложению М. В. Ломоносова в структуре Московского университета была учреждена кафедра политики[1]. С 1804 по 1835 год в составе Московского университета работал факультет нравственных и политических наук, подготавливающий специалистов в области политики и политической экономии.  ', 9),
(41, 'Психология и педагогика', '      ', 11),
(42, 'Актуальные вопросы', '      ', 7),
(43, 'СПО', '    системы программного обеспечения  ', 28),
(44, 'МСС', '            (метрология стандартизация и сертификация)\r\n<br/><br/>\r\nМетроло́гия (от греч. μέτρον — мера, измерительный инструмент + др.-греч. λόγος — мысль, причина) — наука об измерениях, методах и средствах обеспечения их единства и способах достижения требуемой точности (РМГ 29-99). Предметом метрологии является извлечение количественной информации о свойствах объектов с заданной точностью и достоверностью; нормативная база для этого — метрологические стандарты.      ', 28),
(45, 'ИСТК', '      ', 28),
(46, 'АТПП', '    ( Автоматизация технологического процесса и производств)<br/><br/>\r\n            Автоматизация технологического процесса — совокупность методов и средств, предназначенная для реализации системы или систем, позволяющих осуществлять управление самим технологическим процессом без непосредственного участия человека, либо оставления за человеком права принятия наиболее ответственных решений.\r\n<br/><br/>\r\nКак правило, в результате автоматизации технологического процесса создаётся АСУ ТП.\r\n<br/><br/>\r\nОснова автоматизации технологических процессов — это перераспределение материальных, энергетических и информационных потоков в соответствии с принятым критерием управления (оптимальности).  ', 28),
(47, 'История', '                Исто́рия (др.-греч. ἱστορία — расспрашивание, исследование) — область знаний, а также гуманитарная наука, занимающаяся изучением человека (его деятельности, состояния, мировоззрения, социальных связей и организаций и так далее) в прошлом.\r\n<br/><br/>\r\nВ более узком смысле история — это наука, изучающая всевозможные источники о прошлом для того, чтобы установить последовательность событий, исторический процесс, объективность описанных фактов и сделать выводы о причинах событий.  ', 16),
(48, 'Культурология', '                Культурология (лат. cultura — возделывание, земледелие, воспитание; др.-греч. λόγος — мысль как причина) — совокупность исследований культуры как структурной целостности, выявление закономерностей её развития. В задачи культурологии входит понимание общих характеристик её бытия, системный анализ ее развития. Как самостоятельное направление культурология сложилась в новое время.  ', 16),
(49, 'АИУС', '      ', 28),
(50, 'БЖД', '                Безопасность жизнедеятельности (БЖД) — наука о комфортном и травмобезопасном взаимодействии человека со средой обитания. Является составной частью системы государственных, социальных и оборонных мероприятий, проводимых в целях защиты населения и хозяйства страны от последствий аварий, катастроф, стихийных бедствий, средств поражения противника. Целью БЖД также является снижение риска возникновения чрезвычайной ситуации по вине человеческого фактора  ', 34),
(51, 'РЗА', '     (РЕЛЕЙНАЯ ЗАЩИТА И АВТОМАТИЗАЦИЯ)\r\nРелейная защита — комплекс автоматических устройств, предназначенных для быстрого (при повреждениях) выявления и отделения от электроэнергетической системы повреждённых элементов этой электроэнергетической системы в аварийных ситуациях с целью обеспечения нормальной работы всей системы. Действия средств релейной защиты организованы по принципу непрерывной оценки технического состояния отдельных контролируемых элементов электроэнергетических систем. Релейная защита (РЗ) осуществляет непрерывный контроль состояния всех элементов электроэнергетической системы и реагирует на возникновение повреждений и ненормальных режимов. При возникновении повреждений РЗ должна выявить повреждённый участок и отключить его от ЭЭС, воздействуя на специальные силовые выключатели, предназначенные для размыкания токов повреждения (короткого замыкания).  ', 47),
(52, 'ОПП', '    Организация и планирование производства  ', 7),
(53, 'ТСА и У', '      ', 28),
(54, 'СИИ', NULL, NULL),
(55, 'СПА', '    современные проблемы автоматизации  ', 28),
(56, 'Прикладная механика', '    Прикладная механика — техническая наука, посвящённая исследованиям устройств и принципов механизмов.\r\n<br/>\r\nПрикладная механика занимается изучением и классификацией машин, а также их разработкой.\r\n\r\n  ', 20),
(57, 'ТПИ', NULL, NULL),
(58, 'ТИП', '(технические измерения и приборы)', 28),
(59, 'ТПП', '    технология процессов и производств  ', 18),
(60, 'ТСА', '                технические средства автоматизации  ', 28),
(61, 'ДиНАС', '            ', 28),
(62, 'СПУЭ', '                        современные проблемы управления в энергетике      ', 28),
(63, 'ТЭС и АЭС', '                тепловые электро станции и атомные электрические станции  ', 18),
(64, 'ПАС ', '(Проектирование автоматизированных систем)', 28),
(65, 'МПСУ', '    (микропроцессорные системы управления)\r\n<br/><br/>\r\nМикропроцессорная система (МПС) представляет собой функционально законченное изделие, состоящее из одного или нескольких устройств, главным образом микропроцессорных: микропроцессора и/или микроконтроллера.  ', 28),
(66, 'НИР', '            научно исследовательская работа', NULL),
(67, 'Физкультура', '            ', 24),
(68, 'ТТЭ', NULL, NULL),
(69, 'ТМО', '      ', 21),
(70, 'ФОЭ', NULL, NULL),
(71, 'Физика в теплоэнергетике', NULL, NULL),
(72, 'Термодинамика', '      ', 21);

-- --------------------------------------------------------

--
-- Структура таблицы `tbl_predmet_file`
--

CREATE TABLE IF NOT EXISTS `tbl_predmet_file` (
  `id` int(11) NOT NULL AUTO_INCREMENT,
  `uploads_id` int(11) NOT NULL,
  `predmet_id` int(11) NOT NULL,
  `profile_id` int(11) NOT NULL,
  `comment` varchar(255) DEFAULT NULL,
  `rating` int(11) DEFAULT NULL,
  `created` int(11) DEFAULT NULL,
  `count_uploads` int(11) DEFAULT NULL,
  PRIMARY KEY (`id`)
) ENGINE=InnoDB  DEFAULT CHARSET=latin1 AUTO_INCREMENT=21 ;

--
-- Дамп данных таблицы `tbl_predmet_file`
--

INSERT INTO `tbl_predmet_file` (`id`, `uploads_id`, `predmet_id`, `profile_id`, `comment`, `rating`, `created`, `count_uploads`) VALUES
(5, 272, 61, 22, NULL, 1, NULL, NULL),
(6, 273, 61, 22, NULL, 1, NULL, NULL),
(7, 274, 61, 22, NULL, 1, NULL, NULL),
(8, 275, 61, 22, NULL, 1, NULL, NULL),
(10, 288, 64, 22, NULL, NULL, NULL, NULL),
(11, 330, 64, 22, NULL, 1, NULL, NULL),
(13, 332, 64, 23, NULL, 1, NULL, NULL),
(14, 333, 49, 35, NULL, 2, NULL, NULL),
(15, 334, 44, 27, NULL, 1, NULL, NULL),
(16, 335, 52, 27, NULL, NULL, NULL, NULL),
(17, 336, 52, 27, NULL, NULL, NULL, NULL),
(18, 337, 52, 27, NULL, NULL, NULL, NULL),
(19, 398, 13, 27, NULL, NULL, NULL, NULL),
(20, 419, 13, 22, NULL, NULL, NULL, NULL);

-- --------------------------------------------------------

--
-- Структура таблицы `tbl_predmet_prepod`
--

CREATE TABLE IF NOT EXISTS `tbl_predmet_prepod` (
  `id` int(11) NOT NULL AUTO_INCREMENT,
  `predmet_id` int(11) NOT NULL,
  `profile_id` int(11) NOT NULL,
  PRIMARY KEY (`id`)
) ENGINE=InnoDB  DEFAULT CHARSET=latin1 AUTO_INCREMENT=8 ;

--
-- Дамп данных таблицы `tbl_predmet_prepod`
--

INSERT INTO `tbl_predmet_prepod` (`id`, `predmet_id`, `profile_id`) VALUES
(6, 49, 35),
(7, 53, 35);

-- --------------------------------------------------------

--
-- Структура таблицы `tbl_predmet_semestr_group`
--

CREATE TABLE IF NOT EXISTS `tbl_predmet_semestr_group` (
  `id` int(128) NOT NULL AUTO_INCREMENT,
  `predmet_id` int(128) NOT NULL,
  `semestr_id` int(128) NOT NULL,
  `group_id` int(128) NOT NULL,
  `hash_psg` varchar(255) NOT NULL,
  PRIMARY KEY (`id`)
) ENGINE=MyISAM  DEFAULT CHARSET=utf8 AUTO_INCREMENT=1189 ;

--
-- Дамп данных таблицы `tbl_predmet_semestr_group`
--

INSERT INTO `tbl_predmet_semestr_group` (`id`, `predmet_id`, `semestr_id`, `group_id`, `hash_psg`) VALUES
(1, 12, 1, 53, '1205301'),
(2, 13, 1, 53, '1305301'),
(3, 14, 1, 53, '1405301'),
(4, 15, 1, 53, '1505301'),
(5, 27, 2, 53, '2705302'),
(6, 28, 2, 53, '2805302'),
(7, 29, 2, 53, '2905302'),
(8, 30, 2, 53, '3005302'),
(9, 34, 2, 53, '3405302'),
(10, 22, 3, 53, '2205303'),
(11, 23, 3, 53, '2305303'),
(12, 24, 3, 53, '2405303'),
(13, 25, 3, 53, '2505303'),
(14, 27, 3, 53, '2705303'),
(15, 28, 3, 53, '2805303'),
(16, 27, 4, 53, '2705304'),
(17, 29, 4, 53, '2905304'),
(18, 31, 4, 53, '3105304'),
(19, 32, 4, 53, '3205304'),
(20, 34, 4, 53, '3405304'),
(21, 30, 5, 53, '3005305'),
(22, 31, 5, 53, '3105305'),
(23, 34, 5, 53, '3405305'),
(24, 35, 5, 53, '3505305'),
(25, 37, 5, 53, '3705305'),
(26, 31, 6, 53, '3105306'),
(27, 32, 6, 53, '3205306'),
(28, 34, 6, 53, '3405306'),
(29, 35, 6, 53, '3505306'),
(30, 36, 6, 53, '3605306'),
(1084, 15, 1, 14, '1501401'),
(1083, 14, 1, 14, '1401401'),
(1082, 13, 1, 14, '1301401'),
(1081, 12, 1, 14, '1201401'),
(872, 44, 6, 6, '440606'),
(873, 45, 6, 6, '450606'),
(874, 46, 6, 6, '460606'),
(875, 49, 7, 6, '490607'),
(876, 50, 7, 6, '500607'),
(877, 51, 7, 6, '510607'),
(878, 52, 7, 6, '520607'),
(879, 53, 7, 6, '530607'),
(880, 54, 7, 6, '540607'),
(881, 55, 7, 6, '550607'),
(882, 64, 8, 6, '640608'),
(869, 41, 6, 6, '410606'),
(870, 42, 6, 6, '420606'),
(830, 61, 7, 6, '610607'),
(831, 60, 7, 6, '600607'),
(832, 68, 8, 6, '680608'),
(1075, 49, 8, 13, '4901308'),
(1076, 25, 4, 13, '2501304'),
(1077, 61, 7, 14, '6101407'),
(1078, 60, 7, 14, '6001407'),
(1079, 68, 8, 14, '6801408'),
(1080, 67, 8, 14, '6701408'),
(885, 25, 4, 6, '250604'),
(883, 66, 8, 6, '660608'),
(884, 49, 8, 6, '490608'),
(259, 61, 7, 1, '610107'),
(258, 60, 7, 1, '600107'),
(257, 68, 8, 1, '680108'),
(256, 67, 8, 1, '670108'),
(255, 67, 8, 5, '670508'),
(59, 12, 1, 1, '120101'),
(60, 13, 1, 1, '130101'),
(61, 14, 1, 1, '140101'),
(62, 15, 1, 1, '150101'),
(63, 16, 1, 1, '160101'),
(64, 17, 1, 1, '170101'),
(65, 35, 1, 1, '350101'),
(66, 47, 1, 1, '470101'),
(67, 13, 2, 1, '130102'),
(68, 15, 2, 1, '150102'),
(69, 16, 2, 1, '160102'),
(70, 17, 2, 1, '170102'),
(71, 19, 2, 1, '190102'),
(72, 20, 2, 1, '200102'),
(73, 47, 2, 1, '470102'),
(74, 48, 3, 1, '480103'),
(75, 16, 3, 1, '160103'),
(180, 19, 2, 5, '190502'),
(77, 24, 3, 1, '240103'),
(78, 38, 3, 1, '380103'),
(79, 23, 3, 1, '230103'),
(80, 22, 3, 1, '220103'),
(179, 17, 2, 5, '170502'),
(178, 16, 2, 5, '160502'),
(83, 27, 4, 1, '270104'),
(84, 28, 4, 1, '280104'),
(85, 29, 4, 1, '290104'),
(86, 30, 4, 1, '300104'),
(87, 38, 4, 1, '380104'),
(88, 25, 5, 1, '250105'),
(89, 30, 5, 1, '300105'),
(90, 31, 5, 1, '310105'),
(91, 32, 5, 1, '320105'),
(92, 34, 5, 1, '340105'),
(93, 36, 5, 1, '360105'),
(94, 37, 5, 1, '370105'),
(95, 39, 6, 1, '390106'),
(96, 40, 6, 1, '400106'),
(97, 41, 6, 1, '410106'),
(98, 42, 6, 1, '420106'),
(99, 43, 6, 1, '430106'),
(100, 44, 6, 1, '440106'),
(101, 45, 6, 1, '450106'),
(102, 46, 6, 1, '460106'),
(103, 49, 7, 1, '490107'),
(104, 50, 7, 1, '500107'),
(105, 51, 7, 1, '510107'),
(106, 52, 7, 1, '520107'),
(107, 53, 7, 1, '530107'),
(108, 54, 7, 1, '540107'),
(109, 55, 7, 1, '550107'),
(175, 47, 1, 5, '470501'),
(176, 13, 2, 5, '130502'),
(177, 15, 2, 5, '150502'),
(171, 14, 1, 5, '140501'),
(172, 15, 1, 5, '150501'),
(173, 16, 1, 5, '160501'),
(174, 35, 1, 5, '350501'),
(169, 12, 1, 5, '120501'),
(170, 13, 1, 5, '130501'),
(181, 20, 2, 5, '200502'),
(182, 47, 2, 5, '470502'),
(183, 15, 3, 5, '150503'),
(184, 16, 3, 5, '160503'),
(185, 20, 3, 5, '200503'),
(186, 22, 3, 5, '220503'),
(187, 23, 3, 5, '230503'),
(188, 24, 3, 5, '240503'),
(189, 25, 3, 5, '250503'),
(190, 38, 3, 5, '380503'),
(191, 48, 3, 5, '480503'),
(192, 15, 4, 5, '150504'),
(241, 58, 7, 5, '580507'),
(242, 52, 7, 5, '520507'),
(243, 61, 7, 5, '610507'),
(244, 62, 7, 5, '620507'),
(245, 46, 8, 5, '460508'),
(199, 15, 4, 5, '150504'),
(200, 25, 4, 5, '250504'),
(201, 27, 4, 5, '270504'),
(202, 28, 4, 5, '280504'),
(203, 29, 4, 5, '290504'),
(204, 30, 4, 5, '300504'),
(205, 38, 4, 5, '380504'),
(246, 63, 8, 5, '630508'),
(207, 15, 4, 5, '150504'),
(240, 50, 7, 5, '500507'),
(239, 42, 6, 5, '420506'),
(238, 59, 6, 5, '590506'),
(235, 44, 6, 5, '440506'),
(234, 41, 6, 5, '410506'),
(232, 39, 6, 5, '390506'),
(233, 40, 6, 5, '400506'),
(223, 25, 5, 5, '250505'),
(224, 30, 5, 5, '300505'),
(225, 31, 5, 5, '310505'),
(226, 32, 5, 5, '320505'),
(227, 34, 5, 5, '340505'),
(228, 36, 5, 5, '360505'),
(229, 37, 5, 5, '370505'),
(237, 58, 6, 5, '580506'),
(247, 64, 8, 5, '640508'),
(248, 65, 8, 5, '650508'),
(249, 66, 8, 5, '660508'),
(250, 64, 8, 1, '640108'),
(251, 66, 8, 1, '660108'),
(252, 49, 8, 1, '490108'),
(253, 25, 4, 1, '250104'),
(254, 60, 7, 5, '600507'),
(1133, 61, 7, 15, '6101507'),
(1130, 66, 8, 14, '6601408'),
(1131, 49, 8, 14, '4901408'),
(1132, 25, 4, 14, '2501404'),
(871, 43, 6, 6, '430606'),
(868, 40, 6, 6, '400606'),
(833, 67, 8, 6, '670608'),
(834, 12, 1, 6, '120601'),
(835, 13, 1, 6, '130601'),
(836, 14, 1, 6, '140601'),
(837, 15, 1, 6, '150601'),
(838, 16, 1, 6, '160601'),
(839, 17, 1, 6, '170601'),
(840, 35, 1, 6, '350601'),
(841, 47, 1, 6, '470601'),
(842, 13, 2, 6, '130602'),
(843, 15, 2, 6, '150602'),
(844, 16, 2, 6, '160602'),
(845, 17, 2, 6, '170602'),
(846, 19, 2, 6, '190602'),
(847, 20, 2, 6, '200602'),
(848, 47, 2, 6, '470602'),
(849, 48, 3, 6, '480603'),
(850, 16, 3, 6, '160603'),
(851, 24, 3, 6, '240603'),
(852, 38, 3, 6, '380603'),
(853, 23, 3, 6, '230603'),
(854, 22, 3, 6, '220603'),
(855, 27, 4, 6, '270604'),
(856, 28, 4, 6, '280604'),
(857, 29, 4, 6, '290604'),
(858, 30, 4, 6, '300604'),
(859, 38, 4, 6, '380604'),
(860, 25, 5, 6, '250605'),
(861, 30, 5, 6, '300605'),
(862, 31, 5, 6, '310605'),
(863, 32, 5, 6, '320605'),
(864, 34, 5, 6, '340605'),
(865, 36, 5, 6, '360605'),
(866, 37, 5, 6, '370605'),
(867, 39, 6, 6, '390606'),
(968, 67, 8, 12, '6701208'),
(969, 12, 1, 12, '1201201'),
(887, 61, 7, 7, '610707'),
(888, 60, 7, 7, '600707'),
(889, 68, 8, 7, '680708'),
(890, 67, 8, 7, '670708'),
(891, 12, 1, 7, '120701'),
(892, 13, 1, 7, '130701'),
(949, 14, 2, 7, '140702'),
(894, 15, 1, 7, '150701'),
(895, 16, 1, 7, '160701'),
(896, 17, 1, 7, '170701'),
(948, 12, 2, 7, '120702'),
(955, 35, 1, 7, '350701'),
(953, 26, 3, 7, '260703'),
(900, 15, 2, 7, '150702'),
(901, 16, 2, 7, '160702'),
(902, 17, 2, 7, '170702'),
(952, 15, 3, 7, '150703'),
(904, 20, 2, 7, '200702'),
(905, 47, 2, 7, '470702'),
(957, 15, 4, 7, '150704'),
(907, 16, 3, 7, '160703'),
(956, 72, 3, 7, '720703'),
(958, 40, 4, 7, '400704'),
(959, 67, 4, 7, '670704'),
(911, 22, 3, 7, '220703'),
(965, 61, 7, 12, '6101207'),
(964, 67, 3, 7, '670703'),
(963, 28, 3, 7, '280703'),
(915, 30, 4, 7, '300704'),
(916, 38, 4, 7, '380704'),
(917, 25, 5, 7, '250705'),
(918, 30, 5, 7, '300705'),
(919, 31, 5, 7, '310705'),
(920, 32, 5, 7, '320705'),
(921, 34, 5, 7, '340705'),
(922, 36, 5, 7, '360705'),
(923, 37, 5, 7, '370705'),
(924, 39, 6, 7, '390706'),
(925, 40, 6, 7, '400706'),
(926, 41, 6, 7, '410706'),
(927, 42, 6, 7, '420706'),
(928, 43, 6, 7, '430706'),
(929, 44, 6, 7, '440706'),
(930, 45, 6, 7, '450706'),
(931, 46, 6, 7, '460706'),
(932, 49, 7, 7, '490707'),
(933, 50, 7, 7, '500707'),
(934, 51, 7, 7, '510707'),
(935, 52, 7, 7, '520707'),
(936, 53, 7, 7, '530707'),
(937, 54, 7, 7, '540707'),
(938, 55, 7, 7, '550707'),
(939, 64, 8, 7, '640708'),
(940, 66, 8, 7, '660708'),
(941, 49, 8, 7, '490708'),
(942, 25, 4, 7, '250704'),
(943, 19, 1, 7, '190701'),
(944, 29, 1, 7, '290701'),
(945, 31, 1, 7, '310701'),
(946, 34, 1, 7, '340701'),
(947, 67, 1, 7, '670701'),
(950, 41, 2, 7, '410702'),
(951, 67, 2, 7, '670702'),
(954, 39, 3, 7, '390703'),
(960, 69, 4, 7, '690704'),
(961, 70, 4, 7, '700704'),
(962, 71, 4, 7, '710704'),
(966, 60, 7, 12, '6001207'),
(967, 68, 8, 12, '6801208'),
(372, 61, 7, 8, '610807'),
(373, 60, 7, 8, '600807'),
(374, 68, 8, 8, '680808'),
(375, 67, 8, 8, '670808'),
(376, 12, 1, 8, '120801'),
(377, 13, 1, 8, '130801'),
(378, 14, 1, 8, '140801'),
(379, 15, 1, 8, '150801'),
(380, 16, 1, 8, '160801'),
(381, 17, 1, 8, '170801'),
(382, 35, 1, 8, '350801'),
(383, 47, 1, 8, '470801'),
(384, 13, 2, 8, '130802'),
(385, 15, 2, 8, '150802'),
(386, 16, 2, 8, '160802'),
(387, 17, 2, 8, '170802'),
(388, 19, 2, 8, '190802'),
(389, 20, 2, 8, '200802'),
(390, 47, 2, 8, '470802'),
(391, 48, 3, 8, '480803'),
(392, 16, 3, 8, '160803'),
(393, 24, 3, 8, '240803'),
(394, 38, 3, 8, '380803'),
(395, 23, 3, 8, '230803'),
(396, 22, 3, 8, '220803'),
(397, 27, 4, 8, '270804'),
(398, 28, 4, 8, '280804'),
(399, 29, 4, 8, '290804'),
(400, 30, 4, 8, '300804'),
(401, 38, 4, 8, '380804'),
(402, 25, 5, 8, '250805'),
(403, 30, 5, 8, '300805'),
(404, 31, 5, 8, '310805'),
(405, 32, 5, 8, '320805'),
(406, 34, 5, 8, '340805'),
(407, 36, 5, 8, '360805'),
(408, 37, 5, 8, '370805'),
(409, 39, 6, 8, '390806'),
(410, 40, 6, 8, '400806'),
(411, 41, 6, 8, '410806'),
(412, 42, 6, 8, '420806'),
(413, 43, 6, 8, '430806'),
(414, 44, 6, 8, '440806'),
(415, 45, 6, 8, '450806'),
(416, 46, 6, 8, '460806'),
(417, 49, 7, 8, '490807'),
(418, 50, 7, 8, '500807'),
(419, 51, 7, 8, '510807'),
(420, 52, 7, 8, '520807'),
(421, 53, 7, 8, '530807'),
(422, 54, 7, 8, '540807'),
(423, 55, 7, 8, '550807'),
(424, 64, 8, 8, '640808'),
(425, 66, 8, 8, '660808'),
(426, 49, 8, 8, '490808'),
(427, 25, 4, 8, '250804'),
(428, 67, 8, 10, '6701008'),
(429, 19, 2, 10, '1901002'),
(430, 17, 2, 10, '1701002'),
(431, 16, 2, 10, '1601002'),
(432, 47, 1, 10, '4701001'),
(433, 13, 2, 10, '1301002'),
(434, 15, 2, 10, '1501002'),
(435, 14, 1, 10, '1401001'),
(436, 15, 1, 10, '1501001'),
(437, 16, 1, 10, '1601001'),
(438, 35, 1, 10, '3501001'),
(439, 12, 1, 10, '1201001'),
(440, 13, 1, 10, '1301001'),
(441, 20, 2, 10, '2001002'),
(442, 47, 2, 10, '4701002'),
(443, 15, 3, 10, '1501003'),
(444, 16, 3, 10, '1601003'),
(445, 20, 3, 10, '2001003'),
(446, 22, 3, 10, '2201003'),
(447, 23, 3, 10, '2301003'),
(448, 24, 3, 10, '2401003'),
(449, 25, 3, 10, '2501003'),
(450, 38, 3, 10, '3801003'),
(451, 48, 3, 10, '4801003'),
(452, 15, 4, 10, '1501004'),
(453, 58, 7, 10, '5801007'),
(454, 52, 7, 10, '5201007'),
(455, 61, 7, 10, '6101007'),
(456, 62, 7, 10, '6201007'),
(457, 46, 8, 10, '4601008'),
(458, 15, 4, 10, '1501004'),
(459, 25, 4, 10, '2501004'),
(460, 27, 4, 10, '2701004'),
(461, 28, 4, 10, '2801004'),
(462, 29, 4, 10, '2901004'),
(463, 30, 4, 10, '3001004'),
(464, 38, 4, 10, '3801004'),
(465, 63, 8, 10, '6301008'),
(466, 15, 4, 10, '1501004'),
(467, 50, 7, 10, '5001007'),
(468, 42, 6, 10, '4201006'),
(469, 59, 6, 10, '5901006'),
(470, 44, 6, 10, '4401006'),
(471, 41, 6, 10, '4101006'),
(472, 39, 6, 10, '3901006'),
(473, 40, 6, 10, '4001006'),
(474, 25, 5, 10, '2501005'),
(475, 30, 5, 10, '3001005'),
(476, 31, 5, 10, '3101005'),
(477, 32, 5, 10, '3201005'),
(478, 34, 5, 10, '3401005'),
(479, 36, 5, 10, '3601005'),
(480, 37, 5, 10, '3701005'),
(481, 58, 6, 10, '5801006'),
(482, 64, 8, 10, '6401008'),
(483, 65, 8, 10, '6501008'),
(484, 66, 8, 10, '6601008'),
(485, 60, 7, 10, '6001007'),
(486, 61, 7, 9, '610907'),
(487, 60, 7, 9, '600907'),
(488, 68, 8, 9, '680908'),
(489, 67, 8, 9, '670908'),
(490, 12, 1, 9, '120901'),
(491, 13, 1, 9, '130901'),
(492, 14, 1, 9, '140901'),
(493, 15, 1, 9, '150901'),
(494, 16, 1, 9, '160901'),
(495, 17, 1, 9, '170901'),
(496, 35, 1, 9, '350901'),
(497, 47, 1, 9, '470901'),
(498, 13, 2, 9, '130902'),
(499, 15, 2, 9, '150902'),
(500, 16, 2, 9, '160902'),
(501, 17, 2, 9, '170902'),
(502, 19, 2, 9, '190902'),
(503, 20, 2, 9, '200902'),
(504, 47, 2, 9, '470902'),
(505, 48, 3, 9, '480903'),
(506, 16, 3, 9, '160903'),
(507, 24, 3, 9, '240903'),
(508, 38, 3, 9, '380903'),
(509, 23, 3, 9, '230903'),
(510, 22, 3, 9, '220903'),
(511, 27, 4, 9, '270904'),
(512, 28, 4, 9, '280904'),
(513, 29, 4, 9, '290904'),
(514, 30, 4, 9, '300904'),
(515, 38, 4, 9, '380904'),
(516, 25, 5, 9, '250905'),
(517, 30, 5, 9, '300905'),
(518, 31, 5, 9, '310905'),
(519, 32, 5, 9, '320905'),
(520, 34, 5, 9, '340905'),
(521, 36, 5, 9, '360905'),
(522, 37, 5, 9, '370905'),
(523, 39, 6, 9, '390906'),
(524, 40, 6, 9, '400906'),
(525, 41, 6, 9, '410906'),
(526, 42, 6, 9, '420906'),
(527, 43, 6, 9, '430906'),
(528, 44, 6, 9, '440906'),
(529, 45, 6, 9, '450906'),
(530, 46, 6, 9, '460906'),
(531, 49, 7, 9, '490907'),
(532, 50, 7, 9, '500907'),
(533, 51, 7, 9, '510907'),
(534, 52, 7, 9, '520907'),
(535, 53, 7, 9, '530907'),
(536, 54, 7, 9, '540907'),
(537, 55, 7, 9, '550907'),
(538, 64, 8, 9, '640908'),
(539, 66, 8, 9, '660908'),
(540, 49, 8, 9, '490908'),
(541, 25, 4, 9, '250904'),
(542, 61, 7, 11, '6101107'),
(543, 60, 7, 11, '6001107'),
(544, 68, 8, 11, '6801108'),
(545, 67, 8, 11, '6701108'),
(546, 12, 1, 11, '1201101'),
(547, 13, 1, 11, '1301101'),
(548, 14, 1, 11, '1401101'),
(549, 15, 1, 11, '1501101'),
(550, 16, 1, 11, '1601101'),
(551, 17, 1, 11, '1701101'),
(552, 35, 1, 11, '3501101'),
(553, 47, 1, 11, '4701101'),
(554, 13, 2, 11, '1301102'),
(555, 15, 2, 11, '1501102'),
(556, 16, 2, 11, '1601102'),
(557, 17, 2, 11, '1701102'),
(558, 19, 2, 11, '1901102'),
(559, 20, 2, 11, '2001102'),
(560, 47, 2, 11, '4701102'),
(561, 48, 3, 11, '4801103'),
(562, 16, 3, 11, '1601103'),
(563, 24, 3, 11, '2401103'),
(564, 38, 3, 11, '3801103'),
(565, 23, 3, 11, '2301103'),
(566, 22, 3, 11, '2201103'),
(567, 27, 4, 11, '2701104'),
(568, 28, 4, 11, '2801104'),
(569, 29, 4, 11, '2901104'),
(570, 30, 4, 11, '3001104'),
(571, 38, 4, 11, '3801104'),
(572, 25, 5, 11, '2501105'),
(573, 30, 5, 11, '3001105'),
(574, 31, 5, 11, '3101105'),
(575, 32, 5, 11, '3201105'),
(576, 34, 5, 11, '3401105'),
(577, 36, 5, 11, '3601105'),
(578, 37, 5, 11, '3701105'),
(579, 39, 6, 11, '3901106'),
(580, 40, 6, 11, '4001106'),
(581, 41, 6, 11, '4101106'),
(582, 42, 6, 11, '4201106'),
(583, 43, 6, 11, '4301106'),
(584, 44, 6, 11, '4401106'),
(585, 45, 6, 11, '4501106'),
(586, 46, 6, 11, '4601106'),
(587, 49, 7, 11, '4901107'),
(588, 50, 7, 11, '5001107'),
(589, 51, 7, 11, '5101107'),
(590, 52, 7, 11, '5201107'),
(591, 53, 7, 11, '5301107'),
(592, 54, 7, 11, '5401107'),
(593, 55, 7, 11, '5501107'),
(594, 64, 8, 11, '6401108'),
(595, 66, 8, 11, '6601108'),
(596, 49, 8, 11, '4901108'),
(597, 25, 4, 11, '2501104'),
(1073, 64, 8, 13, '6401308'),
(1009, 46, 6, 12, '4601206'),
(1010, 49, 7, 12, '4901207'),
(1011, 50, 7, 12, '5001207'),
(1012, 51, 7, 12, '5101207'),
(1013, 52, 7, 12, '5201207'),
(1014, 53, 7, 12, '5301207'),
(1015, 54, 7, 12, '5401207'),
(1016, 55, 7, 12, '5501207'),
(1017, 64, 8, 12, '6401208'),
(1018, 66, 8, 12, '6601208'),
(1019, 49, 8, 12, '4901208'),
(1020, 25, 4, 12, '2501204'),
(1021, 61, 7, 13, '6101307'),
(1022, 60, 7, 13, '6001307'),
(1023, 68, 8, 13, '6801308'),
(1024, 67, 8, 13, '6701308'),
(1025, 12, 1, 13, '1201301'),
(1026, 13, 1, 13, '1301301'),
(1027, 14, 1, 13, '1401301'),
(1028, 15, 1, 13, '1501301'),
(1029, 16, 1, 13, '1601301'),
(1030, 17, 1, 13, '1701301'),
(1031, 35, 1, 13, '3501301'),
(1032, 47, 1, 13, '4701301'),
(1033, 13, 2, 13, '1301302'),
(1034, 15, 2, 13, '1501302'),
(1035, 16, 2, 13, '1601302'),
(1036, 17, 2, 13, '1701302'),
(1037, 19, 2, 13, '1901302'),
(1038, 20, 2, 13, '2001302'),
(1039, 47, 2, 13, '4701302'),
(1040, 48, 3, 13, '4801303'),
(1041, 16, 3, 13, '1601303'),
(1042, 24, 3, 13, '2401303'),
(1043, 38, 3, 13, '3801303'),
(1044, 23, 3, 13, '2301303'),
(1045, 22, 3, 13, '2201303'),
(1046, 27, 4, 13, '2701304'),
(1047, 28, 4, 13, '2801304'),
(1048, 29, 4, 13, '2901304'),
(1049, 30, 4, 13, '3001304'),
(1050, 38, 4, 13, '3801304'),
(1051, 25, 5, 13, '2501305'),
(1052, 30, 5, 13, '3001305'),
(1053, 31, 5, 13, '3101305'),
(1054, 32, 5, 13, '3201305'),
(1055, 34, 5, 13, '3401305'),
(1056, 36, 5, 13, '3601305'),
(1057, 37, 5, 13, '3701305'),
(1058, 39, 6, 13, '3901306'),
(1059, 40, 6, 13, '4001306'),
(1060, 41, 6, 13, '4101306'),
(1061, 42, 6, 13, '4201306'),
(1062, 43, 6, 13, '4301306'),
(1063, 44, 6, 13, '4401306'),
(1064, 45, 6, 13, '4501306'),
(1065, 46, 6, 13, '4601306'),
(1066, 49, 7, 13, '4901307'),
(1067, 50, 7, 13, '5001307'),
(1068, 51, 7, 13, '5101307'),
(1069, 52, 7, 13, '5201307'),
(1008, 45, 6, 12, '4501206'),
(1007, 44, 6, 12, '4401206'),
(1006, 43, 6, 12, '4301206'),
(1005, 42, 6, 12, '4201206'),
(994, 38, 4, 12, '3801204'),
(995, 25, 5, 12, '2501205'),
(996, 30, 5, 12, '3001205'),
(997, 31, 5, 12, '3101205'),
(998, 32, 5, 12, '3201205'),
(999, 34, 5, 12, '3401205'),
(1000, 36, 5, 12, '3601205'),
(1001, 37, 5, 12, '3701205'),
(1002, 39, 6, 12, '3901206'),
(1003, 40, 6, 12, '4001206'),
(1004, 41, 6, 12, '4101206'),
(984, 48, 3, 12, '4801203'),
(985, 16, 3, 12, '1601203'),
(986, 24, 3, 12, '2401203'),
(987, 38, 3, 12, '3801203'),
(988, 23, 3, 12, '2301203'),
(989, 22, 3, 12, '2201203'),
(990, 27, 4, 12, '2701204'),
(991, 28, 4, 12, '2801204'),
(992, 29, 4, 12, '2901204'),
(993, 30, 4, 12, '3001204'),
(974, 17, 1, 12, '1701201'),
(975, 35, 1, 12, '3501201'),
(976, 47, 1, 12, '4701201'),
(977, 13, 2, 12, '1301202'),
(978, 15, 2, 12, '1501202'),
(979, 16, 2, 12, '1601202'),
(980, 17, 2, 12, '1701202'),
(981, 19, 2, 12, '1901202'),
(982, 20, 2, 12, '2001202'),
(983, 47, 2, 12, '4701202'),
(970, 13, 1, 12, '1301201'),
(971, 14, 1, 12, '1401201'),
(972, 15, 1, 12, '1501201'),
(973, 16, 1, 12, '1601201'),
(1074, 66, 8, 13, '6601308'),
(1072, 55, 7, 13, '5501307'),
(1071, 54, 7, 13, '5401307'),
(1070, 53, 7, 13, '5301307'),
(1129, 64, 8, 14, '6401408'),
(1128, 55, 7, 14, '5501407'),
(1127, 54, 7, 14, '5401407'),
(1126, 53, 7, 14, '5301407'),
(1125, 52, 7, 14, '5201407'),
(1124, 51, 7, 14, '5101407'),
(1123, 50, 7, 14, '5001407'),
(1122, 49, 7, 14, '4901407'),
(1121, 46, 6, 14, '4601406'),
(1120, 45, 6, 14, '4501406'),
(1119, 44, 6, 14, '4401406'),
(1118, 43, 6, 14, '4301406'),
(1117, 42, 6, 14, '4201406'),
(1116, 41, 6, 14, '4101406'),
(1115, 40, 6, 14, '4001406'),
(1114, 39, 6, 14, '3901406'),
(1113, 37, 5, 14, '3701405'),
(1112, 36, 5, 14, '3601405'),
(1111, 34, 5, 14, '3401405'),
(1110, 32, 5, 14, '3201405'),
(1109, 31, 5, 14, '3101405'),
(1108, 30, 5, 14, '3001405'),
(1107, 25, 5, 14, '2501405'),
(1106, 38, 4, 14, '3801404'),
(1105, 30, 4, 14, '3001404'),
(1104, 29, 4, 14, '2901404'),
(1103, 28, 4, 14, '2801404'),
(1102, 27, 4, 14, '2701404'),
(1101, 22, 3, 14, '2201403'),
(1100, 23, 3, 14, '2301403'),
(1099, 38, 3, 14, '3801403'),
(1098, 24, 3, 14, '2401403'),
(1097, 16, 3, 14, '1601403'),
(1096, 48, 3, 14, '4801403'),
(1095, 47, 2, 14, '4701402'),
(1094, 20, 2, 14, '2001402'),
(1093, 19, 2, 14, '1901402'),
(1092, 17, 2, 14, '1701402'),
(1091, 16, 2, 14, '1601402'),
(1090, 15, 2, 14, '1501402'),
(1089, 13, 2, 14, '1301402'),
(1088, 47, 1, 14, '4701401'),
(1087, 35, 1, 14, '3501401'),
(1086, 17, 1, 14, '1701401'),
(1085, 16, 1, 14, '1601401'),
(1134, 60, 7, 15, '6001507'),
(1135, 68, 8, 15, '6801508'),
(1136, 67, 8, 15, '6701508'),
(1137, 12, 1, 15, '1201501'),
(1138, 13, 1, 15, '1301501'),
(1139, 14, 1, 15, '1401501'),
(1140, 15, 1, 15, '1501501'),
(1141, 16, 1, 15, '1601501'),
(1142, 17, 1, 15, '1701501'),
(1143, 35, 1, 15, '3501501'),
(1144, 47, 1, 15, '4701501'),
(1145, 13, 2, 15, '1301502'),
(1146, 15, 2, 15, '1501502'),
(1147, 16, 2, 15, '1601502'),
(1148, 17, 2, 15, '1701502'),
(1149, 19, 2, 15, '1901502'),
(1150, 20, 2, 15, '2001502'),
(1151, 47, 2, 15, '4701502'),
(1152, 48, 3, 15, '4801503'),
(1153, 16, 3, 15, '1601503'),
(1154, 24, 3, 15, '2401503'),
(1155, 38, 3, 15, '3801503'),
(1156, 23, 3, 15, '2301503'),
(1157, 22, 3, 15, '2201503'),
(1158, 27, 4, 15, '2701504'),
(1159, 28, 4, 15, '2801504'),
(1160, 29, 4, 15, '2901504'),
(1161, 30, 4, 15, '3001504'),
(1162, 38, 4, 15, '3801504'),
(1163, 25, 5, 15, '2501505'),
(1164, 30, 5, 15, '3001505'),
(1165, 31, 5, 15, '3101505'),
(1166, 32, 5, 15, '3201505'),
(1167, 34, 5, 15, '3401505'),
(1168, 36, 5, 15, '3601505'),
(1169, 37, 5, 15, '3701505'),
(1170, 39, 6, 15, '3901506'),
(1171, 40, 6, 15, '4001506'),
(1172, 41, 6, 15, '4101506'),
(1173, 42, 6, 15, '4201506'),
(1174, 43, 6, 15, '4301506'),
(1175, 44, 6, 15, '4401506'),
(1176, 45, 6, 15, '4501506'),
(1177, 46, 6, 15, '4601506'),
(1178, 49, 7, 15, '4901507'),
(1179, 50, 7, 15, '5001507'),
(1180, 51, 7, 15, '5101507'),
(1181, 52, 7, 15, '5201507'),
(1182, 53, 7, 15, '5301507'),
(1183, 54, 7, 15, '5401507'),
(1184, 55, 7, 15, '5501507'),
(1185, 64, 8, 15, '6401508'),
(1186, 66, 8, 15, '6601508'),
(1187, 49, 8, 15, '4901508'),
(1188, 25, 4, 15, '2501504');

-- --------------------------------------------------------

--
-- Структура таблицы `tbl_private_status`
--

CREATE TABLE IF NOT EXISTS `tbl_private_status` (
  `id` int(255) NOT NULL AUTO_INCREMENT,
  `name` varchar(255) NOT NULL,
  PRIMARY KEY (`id`)
) ENGINE=InnoDB  DEFAULT CHARSET=utf8 AUTO_INCREMENT=5 ;

--
-- Дамп данных таблицы `tbl_private_status`
--

INSERT INTO `tbl_private_status` (`id`, `name`) VALUES
(1, 'только мне'),
(2, 'мне и студентам'),
(3, 'мне и преподавателям'),
(4, 'всем');

-- --------------------------------------------------------

--
-- Структура таблицы `tbl_profile`
--

CREATE TABLE IF NOT EXISTS `tbl_profile` (
  `id` int(11) NOT NULL AUTO_INCREMENT,
  `user_id` int(11) NOT NULL,
  `name` varchar(128) DEFAULT NULL,
  `surname` varchar(128) DEFAULT NULL,
  `patronymic` varchar(128) DEFAULT NULL,
  `private` text,
  `status` int(128) DEFAULT NULL,
  `file_id` int(128) DEFAULT NULL,
  `leader` int(1) DEFAULT NULL,
  `group_id` int(128) DEFAULT NULL,
  `mean` varchar(128) DEFAULT NULL,
  `instruct` int(16) DEFAULT NULL,
  `skype` text,
  `kontakt_email` varchar(255) DEFAULT NULL,
  `pthon` varchar(64) DEFAULT NULL,
  `contact_email` varchar(255) DEFAULT NULL,
  `kontact` varchar(255) DEFAULT NULL,
  `website` varchar(255) DEFAULT NULL,
  `minus` int(255) DEFAULT NULL,
  `plus` int(255) DEFAULT NULL,
  `fake` int(2) NOT NULL DEFAULT '1',
  PRIMARY KEY (`id`)
) ENGINE=MyISAM  DEFAULT CHARSET=utf8 AUTO_INCREMENT=87 ;

--
-- Дамп данных таблицы `tbl_profile`
--

INSERT INTO `tbl_profile` (`id`, `user_id`, `name`, `surname`, `patronymic`, `private`, `status`, `file_id`, `leader`, `group_id`, `mean`, `instruct`, `skype`, `kontakt_email`, `pthon`, `contact_email`, `kontact`, `website`, `minus`, `plus`, `fake`) VALUES
(4, 2, NULL, NULL, NULL, NULL, NULL, NULL, NULL, NULL, NULL, NULL, NULL, NULL, NULL, NULL, NULL, NULL, NULL, NULL, 1),
(22, 65, 'Максим', 'Грязнов', 'Вячеславович', 'Добро пожаловать!', 2, 418, 1, 1, '3.254', 1, 'm.gryaznov1', 'lkdnvc@gmail.com', '(927) 671-65-11', NULL, 'http://vk.com/googl', 'atpp.in', 3, 27, 1),
(23, 66, 'Алия', 'Мукминова', 'Римовна', '', 2, 1, 1, 5, '4.946', 1, '', 'x-ariana-x@rambler.ru', '(937) 289-49-77', NULL, '', '', NULL, 2, 1),
(27, 74, 'Алия', 'Хакимуллина', 'Салаватовна', '', 2, 241, NULL, 1, '4.716', 1, 'Kete-chan', 'aliia-91@mail.ru', '8-917-390-68-32; 8-927-244-17-89', NULL, 'http://vk.com/funny_suny', '', NULL, 7, 1),
(26, 72, 'Сергей', 'Максяков', NULL, NULL, 2, 240, NULL, 1, '4.755', NULL, NULL, NULL, NULL, NULL, NULL, NULL, NULL, NULL, 1),
(28, 75, 'Руслан', 'Мокрушин', NULL, NULL, 2, NULL, NULL, 5, '4.08', NULL, NULL, NULL, NULL, NULL, NULL, NULL, 5, NULL, 1),
(29, 76, 'Яша', 'Толстихин', NULL, NULL, 2, 242, NULL, 5, NULL, NULL, NULL, NULL, NULL, NULL, NULL, NULL, NULL, 5, 1),
(30, 77, 'Манасипов', 'Ренат', '', '', 2, 243, NULL, 5, '4.64', NULL, '', '', '', NULL, '', '', NULL, NULL, 1),
(31, 78, 'Алмаз', 'Гафуров', NULL, NULL, 2, NULL, NULL, 5, NULL, NULL, NULL, NULL, NULL, NULL, NULL, NULL, NULL, NULL, 1),
(45, 95, 'Рамис', 'Хаматханов', NULL, NULL, 2, NULL, NULL, 5, '4.82', NULL, NULL, NULL, NULL, NULL, NULL, NULL, NULL, NULL, 1),
(33, 79, 'Анастасия', 'Маркова', NULL, NULL, 2, NULL, NULL, 5, NULL, NULL, NULL, NULL, NULL, NULL, NULL, NULL, NULL, NULL, 1),
(35, 81, 'Александр', 'Богданов', 'Нетфуллович', 'http://socialquantum.ru/\r\nДополненная реальность: http://www.livingsasquatch.com/ и http://a--r.ru/augmented-reality-webcamera\r\nБизнес-инкубатор:\r\nhttp://www.asi.ru/news/8917/', 3, NULL, NULL, NULL, NULL, NULL, '', '', '', NULL, '', '', NULL, 11, 1),
(42, 91, 'Ринат', 'Гирфанов', '', '', 2, NULL, 1, 7, '4.363', 1, '', 'kadowanie@gmail.com', '(917) 932-55-54', NULL, '', '', 2, 7, 1),
(44, 94, 'Эдуард', 'Цырульников', NULL, NULL, 2, NULL, NULL, 5, '4.531', NULL, NULL, NULL, NULL, NULL, NULL, NULL, NULL, NULL, 1),
(46, 96, 'Ишанберды', 'Халлыев', NULL, NULL, 2, NULL, NULL, 7, NULL, NULL, NULL, NULL, NULL, NULL, NULL, NULL, NULL, 4, 1),
(47, 97, 'Динар', 'Гареев', NULL, NULL, 2, NULL, NULL, 7, NULL, NULL, NULL, NULL, NULL, NULL, NULL, NULL, 2, 3, 1),
(57, 110, 'Данила', 'Макарушкин', 'Витальевич', '', 2, NULL, NULL, 6, '4.7', NULL, '', '', '', NULL, 'http://vk.com/danila_makaryshkin', '', NULL, 1, 1),
(55, 107, 'Альбина', 'Гизатуллина', NULL, NULL, 2, NULL, NULL, 5, NULL, NULL, NULL, NULL, NULL, NULL, NULL, NULL, NULL, NULL, 1),
(50, 101, 'Альбина', 'Чернова', NULL, NULL, 2, 249, NULL, 1, NULL, NULL, NULL, NULL, NULL, NULL, NULL, NULL, NULL, NULL, 1),
(51, 100, 'Лилия', 'Багаутдинова', '', '', 2, NULL, NULL, 5, NULL, NULL, '', '', '', NULL, '', '', NULL, NULL, 1),
(53, 103, 'Азат', 'Галиев', 'Ильдарович', '', 2, 401, 1, 6, '4.073', NULL, 'Rasef_dk', 'Rasef@yandex.ru', '89053195128', NULL, 'vk.com/rasef_zlt', '', NULL, 6, 1),
(54, 106, 'Расим', 'Замалтдинов', NULL, NULL, 2, NULL, NULL, 6, NULL, NULL, NULL, NULL, NULL, NULL, NULL, NULL, 2, 3, 1),
(58, 111, 'Алсу', 'Галифанова', NULL, NULL, 2, NULL, NULL, 11, NULL, NULL, NULL, NULL, NULL, NULL, NULL, NULL, NULL, 1, 1),
(59, 113, 'Крылов', 'Павел', NULL, NULL, 2, NULL, 1, 11, NULL, NULL, NULL, NULL, NULL, NULL, NULL, NULL, NULL, 1, 1),
(60, 114, 'Алина', 'Гизатуллина', NULL, NULL, 2, NULL, NULL, 11, NULL, NULL, NULL, NULL, NULL, NULL, NULL, NULL, NULL, 1, 1),
(61, 115, 'Рустем', 'Мустафин', NULL, NULL, 2, NULL, NULL, 1, NULL, NULL, NULL, NULL, NULL, NULL, NULL, NULL, NULL, 1, 1),
(62, 116, 'Амина', 'Ваджипова', NULL, NULL, 2, NULL, NULL, 6, NULL, NULL, NULL, NULL, NULL, NULL, NULL, NULL, NULL, 1, 1),
(63, 117, 'Nurmuhammet', 'Ommadov', NULL, NULL, 2, NULL, NULL, 6, NULL, NULL, NULL, NULL, NULL, NULL, NULL, NULL, NULL, NULL, 1),
(64, 118, 'Олег', 'Вахромеев', NULL, NULL, 2, NULL, NULL, 6, NULL, NULL, NULL, NULL, NULL, NULL, NULL, NULL, NULL, NULL, 1),
(65, 120, 'Альберт', 'Ишмуратов', NULL, NULL, 2, NULL, NULL, 6, '4.852', NULL, NULL, NULL, NULL, NULL, NULL, NULL, NULL, NULL, 1),
(71, 130, 'Ренат', 'Миргаязов', NULL, NULL, 2, NULL, NULL, 9, NULL, NULL, NULL, NULL, NULL, NULL, NULL, NULL, NULL, NULL, 1),
(67, 125, 'Владимир', 'Плотников', NULL, NULL, 3, NULL, NULL, NULL, NULL, NULL, NULL, NULL, NULL, NULL, NULL, NULL, NULL, NULL, 1),
(68, 126, 'Павел', 'Крылов', NULL, NULL, 2, NULL, NULL, 11, NULL, NULL, NULL, NULL, NULL, NULL, NULL, NULL, NULL, 1, 1),
(69, 127, 'Динар', 'Гизатуллин', NULL, NULL, 2, NULL, NULL, 1, NULL, NULL, NULL, NULL, NULL, NULL, NULL, NULL, NULL, NULL, 1),
(84, 143, NULL, NULL, NULL, NULL, NULL, NULL, NULL, NULL, NULL, NULL, NULL, NULL, NULL, NULL, NULL, NULL, NULL, NULL, 1),
(85, 144, 'Валерий', 'Данилов', NULL, NULL, 3, NULL, NULL, NULL, NULL, NULL, NULL, NULL, NULL, NULL, NULL, NULL, NULL, NULL, 1),
(86, 145, 'lkdnvc@yandex.ru', 'lkdnvc@yandex.ru', 'asda', 'sdasdas', 2, 402, NULL, 1, '4.107', 1, 'dasd', 'dasda', 'asdas', NULL, 'asdas', 'sdas', NULL, NULL, 1);

-- --------------------------------------------------------

--
-- Структура таблицы `tbl_rating`
--

CREATE TABLE IF NOT EXISTS `tbl_rating` (
  `id` int(128) NOT NULL AUTO_INCREMENT,
  `name` varchar(128) NOT NULL,
  `value` int(128) NOT NULL,
  PRIMARY KEY (`id`)
) ENGINE=MyISAM  DEFAULT CHARSET=utf8 AUTO_INCREMENT=5 ;

--
-- Дамп данных таблицы `tbl_rating`
--

INSERT INTO `tbl_rating` (`id`, `name`, `value`) VALUES
(1, 'неудовлетворительно', 2),
(2, 'удовлетворительно', 3),
(3, 'хорошо', 4),
(4, 'отлично', 5);

-- --------------------------------------------------------

--
-- Структура таблицы `tbl_schedule`
--

CREATE TABLE IF NOT EXISTS `tbl_schedule` (
  `id` int(255) NOT NULL AUTO_INCREMENT,
  `group_id` int(64) NOT NULL,
  `semestr_id` int(64) NOT NULL,
  `weekday_id` int(64) NOT NULL,
  `predmet_id` int(64) DEFAULT NULL,
  `predmet_1_id` int(64) DEFAULT NULL,
  `predmet_2_id` int(64) DEFAULT NULL,
  `time_pair_id` int(64) DEFAULT NULL,
  `type_pair_id` int(64) DEFAULT NULL,
  `room` varchar(64) DEFAULT NULL,
  `order` int(64) NOT NULL,
  `week_razd` int(64) NOT NULL,
  PRIMARY KEY (`id`)
) ENGINE=MyISAM  DEFAULT CHARSET=utf8 AUTO_INCREMENT=69 ;

--
-- Дамп данных таблицы `tbl_schedule`
--

INSERT INTO `tbl_schedule` (`id`, `group_id`, `semestr_id`, `weekday_id`, `predmet_id`, `predmet_1_id`, `predmet_2_id`, `time_pair_id`, `type_pair_id`, `room`, `order`, `week_razd`) VALUES
(8, 5, 8, 1, 0, 63, 0, 5, 4, 'Д-422 1,5,9,13 н.', 1, 2),
(9, 5, 8, 1, 0, 63, 0, 6, 4, 'Д-422 1,5,9,13 н.', 2, 2),
(11, 5, 8, 2, 67, 0, 0, 4, 3, 'ул.голубятникова', 1, 1),
(12, 5, 8, 2, 63, 0, 0, 5, 1, 'А-421', 2, 1),
(13, 5, 8, 2, 64, 0, 0, 5, 3, 'В-421', 3, 1),
(14, 5, 8, 3, 0, 63, 0, 4, 3, 'А-422', 1, 2),
(15, 5, 8, 3, 46, 0, 0, 5, 1, 'В-406', 2, 1),
(16, 5, 8, 3, 0, 0, 46, 6, 3, 'В-423', 3, 3),
(17, 5, 8, 4, 0, 65, 0, 3, 4, 'В-423 3,7,11,15 н.', 1, 2),
(18, 5, 8, 4, 65, 0, 0, 4, 4, 'В-423 ', 2, 1),
(19, 5, 8, 4, 0, 65, 0, 5, 1, 'В-421', 3, 2),
(20, 5, 8, 5, 66, 0, 0, 3, 1, 'В-421', 1, 1),
(21, 5, 8, 5, 65, 0, 0, 4, 1, 'В-421', 2, 1),
(22, 5, 8, 5, 65, 0, 0, 5, 3, 'В-423', 3, 1),
(23, 5, 8, 6, 0, 64, 0, 2, 4, 'В-423 1,5,9,13 н.', 1, 2),
(24, 5, 8, 6, 0, 0, 64, 3, 1, 'В-408 ', 2, 3),
(25, 5, 8, 6, 64, 0, 0, 4, 1, 'В-408 ', 3, 1),
(26, 5, 8, 6, 0, 0, 64, 5, 3, 'В-419 ', 4, 3),
(27, 1, 8, 1, 68, 0, 0, 3, 4, 'В-423 1,5,9,13 н.', 1, 1),
(28, 1, 8, 2, 67, 0, 0, 4, 3, 'ул.голубятникова', 1, 1),
(29, 1, 8, 3, 49, 0, 0, 6, 4, 'В-413 2,6,10,14 н', 1, 1),
(30, 1, 8, 4, 68, 0, 0, 5, 1, 'В-423', 1, 1),
(31, 1, 8, 5, 66, 0, 0, 3, 1, 'В-421', 1, 1),
(32, 1, 8, 6, 64, 0, 0, 2, 4, 'В-423 3,7,11,15 н.', 1, 1),
(33, 1, 8, 1, 68, 0, 0, 4, 4, 'В-423 1,5,9,13 н.', 2, 1),
(34, 1, 8, 2, 0, 68, 0, 5, 1, 'В-421', 2, 2),
(35, 1, 8, 2, 0, 0, 49, 5, 1, 'В-419', 2, 3),
(36, 1, 8, 2, 64, 0, 0, 6, 3, 'В-421', 3, 1),
(37, 1, 8, 4, 68, 0, 0, 6, 3, 'В-423', 2, 1),
(38, 1, 8, 6, 0, 0, 64, 3, 1, 'В-408', 2, 3),
(39, 1, 8, 6, 64, 0, 0, 4, 1, 'В-408', 2, 1),
(40, 1, 8, 6, 0, 0, 64, 5, 3, 'В-419', 3, 3),
(41, 5, 8, 6, 0, 64, 0, 3, 4, 'В-423 1,5,9,13 н.', 1, 2),
(43, 7, 4, 1, 67, 0, 0, 2, 3, 'ул.Голубятникова  9.00-10.30', 1, 1),
(44, 7, 4, 1, 0, 38, 0, 3, 1, 'В-103', 3, 2),
(45, 7, 4, 1, 0, 0, 71, 3, 1, 'Д-508', 3, 3),
(46, 7, 4, 1, 0, 0, 40, 4, 3, 'В-611', 4, 3),
(49, 7, 4, 2, 15, 0, 0, 2, 1, 'Д-504', 2, 1),
(48, 7, 4, 2, 71, 0, 0, 1, 3, 'Г-408', 1, 1),
(50, 7, 4, 2, 25, 0, 0, 3, 4, 'А-301 1/2гр*  1/2гр**', 3, 1),
(51, 7, 4, 2, 25, 0, 0, 4, 4, 'А-301 1/2гр*  1/2гр**', 4, 1),
(52, 7, 4, 3, 0, 69, 0, 1, 3, 'Д-116', 1, 2),
(53, 7, 4, 3, 0, 25, 0, 2, 3, 'А-303', 2, 2),
(54, 7, 4, 3, 70, 0, 0, 3, 1, 'А-402', 3, 1),
(55, 7, 4, 3, 0, 0, 40, 2, 1, 'В-303', 2, 3),
(56, 7, 4, 3, 38, 0, 0, 4, 3, 'В-611', 4, 1),
(57, 7, 4, 4, 67, 0, 0, 2, 3, 'ул.Голубятникова  9.00-10.30', 1, 1),
(58, 7, 4, 4, 25, 0, 0, 3, 1, 'А-303', 3, 1),
(59, 7, 4, 4, 30, 0, 0, 4, 1, 'В-410', 4, 1),
(60, 7, 4, 5, 0, 0, 70, 1, 4, 'А-408 1/2гр 2,6,10,14 нед 1/2гр 4,8,12,16 нед', 1, 3),
(61, 7, 4, 5, 0, 0, 70, 2, 4, 'А-408 1/2гр 2,6,10,14 нед 1/2гр 4,8,12,16 нед', 2, 3),
(62, 7, 4, 5, 0, 0, 69, 3, 4, 'Д-108 1/2гр  2,6,10,14 нед 1/2гр  4,8,12,16 нед', 3, 3),
(63, 7, 4, 5, 0, 0, 69, 4, 4, 'Д-108 1/2гр  2,6,10,14 нед 1/2гр  4,8,12,16 нед', 4, 3),
(64, 7, 4, 5, 0, 0, 30, 1, 4, 'В-423 1/2гр. 4,8,12,16 нед 1/2гр. 2,6,10,14 нед', 1, 3),
(65, 7, 4, 5, 0, 0, 30, 2, 4, 'В-423 1/2гр. 4,8,12,16 нед 1/2гр. 2,6,10,14 нед', 2, 3),
(66, 7, 4, 6, 15, 0, 0, 1, 3, 'Д-702', 1, 1),
(67, 7, 4, 6, 69, 0, 0, 2, 1, 'Д-417', 2, 1),
(68, 1, 6, 1, 0, NULL, NULL, 0, 0, NULL, 0, 1);

-- --------------------------------------------------------

--
-- Структура таблицы `tbl_slide`
--

CREATE TABLE IF NOT EXISTS `tbl_slide` (
  `id` int(11) NOT NULL AUTO_INCREMENT,
  `link` varchar(255) DEFAULT NULL,
  `text` varchar(255) DEFAULT NULL,
  `show_slide` bit(1) NOT NULL,
  `img_link` varchar(255) DEFAULT NULL,
  `left_slide` varchar(10) DEFAULT NULL,
  `top_slide` varchar(10) DEFAULT NULL,
  PRIMARY KEY (`id`)
) ENGINE=MyISAM  DEFAULT CHARSET=utf8 AUTO_INCREMENT=21 ;

--
-- Дамп данных таблицы `tbl_slide`
--

INSERT INTO `tbl_slide` (`id`, `link`, `text`, `show_slide`, `img_link`, `left_slide`, `top_slide`) VALUES
(14, 'http://atpp.in/post/2', 'ООО «КЭР-Инжиниринг» развивает сотрудничество с КГЭУ', b'1', 'http://atpp.in/uploads/oli_439eea5d5f73ad8fb6f934c7004e689a.JPG', '', ''),
(13, 'http://atpp.in/post/1', 'Автоматизации и амбиции 2011', b'1', 'http://atpp.in/uploads/oli_b7df8ab3c45912c6d0c010fab87e0cd2.JPG', '', ''),
(15, 'http://atpp.in/post/3', 'Молодежный потенциал кафедры ', b'1', 'http://atpp.in/uploads/oli_b638d58321922f382bd195430b3fb0ea.JPG', '', ''),
(16, 'http://atpp.in/post/4', 'Добро пожаловать', b'1', 'http://atpp.in/uploads/6d52a5cc546497febf20f4498445b706.jpg', '', ''),
(17, 'http://atpp.in/post/6', 'Очередной мастер-класс по автоматизации технологических процессов на ', b'1', 'http://atpp.in/uploads/sm_f58a5ac925dac3c98be07830d044e73e.jpg', '', '100'),
(18, 'http://atpp.in/post/5', 'тест', b'1', 'http://img-fotki.yandex.net/get/5625/136672174.35/0_STATICac2f8_fc8968fa_L', '', ''),
(19, 'http://atpp.in/project/dampfturbine', 'Интерактивное электронное техническое руководство по ремонту паровой турбины Т-100-130 ТМЗ', b'1', 'http://atpp.in/i/icon.png', '200', '60'),
(20, 'http://atpp.in/post/18', 'iВолга - 2013', b'1', 'http://atpp.in/uploads/db41554a193b58ea848f08e4d78943ca.jpg', '100', '-60');

-- --------------------------------------------------------

--
-- Структура таблицы `tbl_tag`
--

CREATE TABLE IF NOT EXISTS `tbl_tag` (
  `id` int(11) NOT NULL AUTO_INCREMENT,
  `name` varchar(128) NOT NULL,
  `frequency` int(11) DEFAULT '1',
  PRIMARY KEY (`id`)
) ENGINE=MyISAM  DEFAULT CHARSET=utf8 AUTO_INCREMENT=15 ;

--
-- Дамп данных таблицы `tbl_tag`
--

INSERT INTO `tbl_tag` (`id`, `name`, `frequency`) VALUES
(12, 'cafedra', 1),
(13, 'asd sad asd asd asd', 1),
(14, 'aasd', 1);

-- --------------------------------------------------------

--
-- Структура таблицы `tbl_time_pair`
--

CREATE TABLE IF NOT EXISTS `tbl_time_pair` (
  `id` int(11) NOT NULL AUTO_INCREMENT,
  `name` varchar(64) NOT NULL,
  `value` int(64) NOT NULL,
  PRIMARY KEY (`id`)
) ENGINE=MyISAM  DEFAULT CHARSET=utf8 AUTO_INCREMENT=8 ;

--
-- Дамп данных таблицы `tbl_time_pair`
--

INSERT INTO `tbl_time_pair` (`id`, `name`, `value`) VALUES
(1, '8:30 - 9:30', 1),
(2, '9:40 - 11:10', 2),
(3, '11:20 - 12:50', 3),
(4, '13:20 - 14:50', 4),
(5, '15:00 - 16:30', 5),
(6, '16:40 - 18:00 ', 6),
(7, '18:10 - 19:40', 7);

-- --------------------------------------------------------

--
-- Структура таблицы `tbl_type_pair`
--

CREATE TABLE IF NOT EXISTS `tbl_type_pair` (
  `id` int(64) NOT NULL AUTO_INCREMENT,
  `name` varchar(64) NOT NULL,
  `value` int(64) NOT NULL,
  PRIMARY KEY (`id`)
) ENGINE=MyISAM  DEFAULT CHARSET=utf8 AUTO_INCREMENT=5 ;

--
-- Дамп данных таблицы `tbl_type_pair`
--

INSERT INTO `tbl_type_pair` (`id`, `name`, `value`) VALUES
(1, 'Лекция', 1),
(2, 'Семинар', 2),
(3, 'Практика', 3),
(4, 'Лабораторная', 4);

-- --------------------------------------------------------

--
-- Структура таблицы `tbl_uploadedfiles`
--

CREATE TABLE IF NOT EXISTS `tbl_uploadedfiles` (
  `id` int(11) NOT NULL AUTO_INCREMENT,
  `name` varchar(255) COLLATE utf8_unicode_ci NOT NULL,
  `orig_name` varchar(255) COLLATE utf8_unicode_ci NOT NULL,
  `ext` varchar(20) COLLATE utf8_unicode_ci NOT NULL,
  `size` varchar(30) COLLATE utf8_unicode_ci NOT NULL,
  `invisible` int(10) DEFAULT NULL,
  PRIMARY KEY (`id`)
) ENGINE=MyISAM  DEFAULT CHARSET=utf8 COLLATE=utf8_unicode_ci AUTO_INCREMENT=420 ;

--
-- Дамп данных таблицы `tbl_uploadedfiles`
--

INSERT INTO `tbl_uploadedfiles` (`id`, `name`, `orig_name`, `ext`, `size`, `invisible`) VALUES
(1, '74bd78bf88bb40b81ad1506126da8c4f.jpg', 'x_eac5c1ac.jpg', 'jpg', '83779', NULL),
(2, 'ceebe591a6d556e2272a66668fe66efe.png', '393438467.png', 'png', '54242', NULL),
(3, 'a525c59147776d28d73c00b46fd89613.JPG', 'DSC_0181.JPG', 'JPG', '4051793', NULL),
(4, '8e193056649206230f3064b3f3ad02ca.JPG', 'DSC_0183.JPG', 'JPG', '3620231', NULL),
(5, '896c7484e35aa30194fc38867d29779d.JPG', 'DSC_0182.JPG', 'JPG', '3712633', NULL),
(6, '6fedd521f06eab7dfe9ce985c42e6b8f.JPG', 'DSC_0170.JPG', 'JPG', '4243843', NULL),
(7, '7793f9bf524ff56023329db61aaf37b0.JPG', 'DSC_0158.JPG', 'JPG', '3643714', NULL),
(8, 'd482a19419f40c8368eff14e1dbb424d.JPG', 'DSC_0161.JPG', 'JPG', '3731387', NULL),
(9, '86c4da1265cd7ed7331e648d8fff7d51.JPG', 'DSC_0154.JPG', 'JPG', '4294340', NULL),
(10, 'c92074250bbcf036c6369e8ef6083587.JPG', 'DSC_0164.JPG', 'JPG', '4019942', NULL),
(11, 'c6b80b5658a5616975423e3e33f711db.JPG', 'DSC_0165.JPG', 'JPG', '4160275', NULL),
(12, '6e1f8136661feb2754436c8c0c5029a9.JPG', 'DSC_0166.JPG', 'JPG', '3799332', NULL),
(13, '1862d26ed0def91e599a8a55918c9bc3.JPG', 'DSC_0167.JPG', 'JPG', '4004140', NULL),
(14, 'ba9487640c646fc8e1800f1b917cc2fe.JPG', 'DSC_0169.JPG', 'JPG', '3725244', NULL),
(15, 'caf34e6da5f22a14ff1566c12742e78c.JPG', 'DSC_0172.JPG', 'JPG', '3777795', NULL),
(16, 'ac44c75288c655c3fce73f057508de52.JPG', 'DSC_0170.JPG', 'JPG', '4243843', NULL),
(17, '9e841181ce32926659b99f44e0873f74.JPG', 'DSC_0173.JPG', 'JPG', '4206836', NULL),
(18, '1f3983b54ce54cbe685ee6ad497b9fd2.JPG', 'DSC_0174.JPG', 'JPG', '3481576', NULL),
(19, 'd305667e91e21a7e0a02ff6efe565007.JPG', 'DSC_0175.JPG', 'JPG', '3677698', NULL),
(20, '6847552621227ce6953c64639832de3d.JPG', 'DSC_0177.JPG', 'JPG', '4021903', NULL),
(21, 'e3bbc4c7c5f33466f0f95a36f7cc4279.JPG', 'DSC_0179.JPG', 'JPG', '3487969', NULL),
(22, '68a7ac26c2d729352118281cf6b81b22.JPG', 'DSC_0180.JPG', 'JPG', '3550365', NULL),
(23, 'd67faabfbaebc143620523b1b917e490.JPG', 'DSC_0181.JPG', 'JPG', '4051793', NULL),
(24, '8cb49be0bf01925e1e7e7e566c496eb4.JPG', 'DSC_0182.JPG', 'JPG', '3712633', NULL),
(25, 'cc52eb3b7847316d1a64c0fa409c2449.JPG', 'DSC_0184.JPG', 'JPG', '4054784', NULL),
(26, '3d4a988c24c39ccf200c035af4e93d81.JPG', 'DSC_0186.JPG', 'JPG', '3707358', NULL),
(27, 'd47db9b8560f9b95dd083d58d588d638.JPG', 'DSC_0183.JPG', 'JPG', '3620231', NULL),
(28, '4ab34bb332ab5aae9f312cc8d5338716.JPG', 'DSC_0187.JPG', 'JPG', '3643601', NULL),
(29, '96f8014b016faa59564c6422f6e71d04.JPG', 'DSC_0188.JPG', 'JPG', '3625528', NULL),
(30, '9fd45cbe19b64b57337fc452f70388a5.JPG', 'DSC_0190.JPG', 'JPG', '3633222', NULL),
(31, '57d327fbe32f4ab800430960cee0270a.JPG', 'DSC_0192.JPG', 'JPG', '4265030', NULL),
(32, 'b96c4f1fb554ef9d9bcec2f21053fb77.JPG', 'DSC_0199.JPG', 'JPG', '3663344', NULL),
(33, 'b7819bff73f77c73745b70bf09187364.JPG', 'DSC_0193.JPG', 'JPG', '4238864', NULL),
(34, '934b5368b86026ce8a84996ac2c2e972.JPG', 'DSC_0202.JPG', 'JPG', '4023013', NULL),
(35, '804fcfe0e768411d3fb3d16b437ee82a.JPG', 'DSC_0206.JPG', 'JPG', '3744635', NULL),
(36, '5ec7812160969aa485a605fa1661b8e9.JPG', 'DSC_0204.JPG', 'JPG', '4093089', NULL),
(37, '88533123f6310a25233a5e44964b4e93.JPG', 'DSC_0207.JPG', 'JPG', '3473119', NULL),
(38, '84456c800fa6421bc881f28cfc566e37.JPG', 'DSC_0208.JPG', 'JPG', '3732380', NULL),
(39, 'f51bf5687035dde1946ba812b037499a.JPG', 'DSC_0203.JPG', 'JPG', '4036281', NULL),
(40, '4409fbebdfd038fbe70edfb6cc1f37a8.JPG', 'DSC_0209.JPG', 'JPG', '3747565', NULL),
(41, '935a33546144d7f960c4f741ae769ce2.JPG', 'DSC_0210.JPG', 'JPG', '3653190', NULL),
(42, '508131e371cc6d101cc44058af4e3242.JPG', 'DSC_0158.JPG', 'JPG', '3643714', NULL),
(43, 'df36e15c2275c6ae29214ab900f5cea2.JPG', 'DSC_0161.JPG', 'JPG', '3731387', NULL),
(44, '7a64f4d83132b608a4c4e37205fe3088.JPG', 'DSC_0154.JPG', 'JPG', '4294340', NULL),
(45, '7f65835937eaa2a5ea5ca43c881cee29.JPG', 'DSC_0164.JPG', 'JPG', '4019942', NULL),
(46, 'cd77a515b772b0d7d3d9b0727ffc9975.JPG', 'DSC_0165.JPG', 'JPG', '4160275', NULL),
(47, 'ad33937ddb82338464b7183ca628c5d4.JPG', 'DSC_0166.JPG', 'JPG', '3799332', NULL),
(48, '3c7568b4bebf9f77689e6c6ab92b4cab.JPG', 'DSC_0167.JPG', 'JPG', '4004140', NULL),
(49, '44ed0e2ce5216f011aa02281a2d762c3.JPG', 'DSC_0169.JPG', 'JPG', '3725244', NULL),
(50, '3e634f94b723a5648c30724aa6c9aa7f.JPG', 'DSC_0170.JPG', 'JPG', '4243843', NULL),
(51, '36fe247699430dc87ea9845a2036e4de.JPG', 'DSC_0172.JPG', 'JPG', '3777795', NULL),
(52, '32dc0a3c38b8593e59ff56fcf174ef72.JPG', 'DSC_0174.JPG', 'JPG', '3481576', NULL),
(53, '2a6a890699b135b3545a6fd130298d76.JPG', 'DSC_0173.JPG', 'JPG', '4206836', NULL),
(54, '03e253f023f5135fee07d0edb8a4f0a8.JPG', 'DSC_0175.JPG', 'JPG', '3677698', NULL),
(55, 'ed862368f47e1ea9c878d3858a6b56e5.JPG', 'DSC_0177.JPG', 'JPG', '4021903', NULL),
(56, '75e453ff9499d17d29d7918514216229.JPG', 'DSC_0179.JPG', 'JPG', '3487969', NULL),
(57, 'f5b91c41e487301a81b335db06558871.JPG', 'DSC_0180.JPG', 'JPG', '3550365', NULL),
(58, 'b7df8ab3c45912c6d0c010fab87e0cd2.JPG', 'DSC_0181.JPG', 'JPG', '4051793', NULL),
(59, '5cff9539466b9ce9f2a5d13ceef31c8f.JPG', 'DSC_0182.JPG', 'JPG', '3712633', NULL),
(60, 'c2090491cfaadeeb3c2d84622dfb2edd.JPG', 'DSC_0183.JPG', 'JPG', '3620231', NULL),
(61, '89ec95d50dd2d4230fac49886c2b271d.JPG', 'DSC_0184.JPG', 'JPG', '4054784', NULL),
(62, '947c7106615dbdba103aedc10d56af33.JPG', 'DSC_0186.JPG', 'JPG', '3707358', NULL),
(63, 'b91824b05ade2aae8ff5ee0e4ca6e905.JPG', 'DSC_0187.JPG', 'JPG', '3643601', NULL),
(64, 'f7f3ab919011d557c8d8bb0032b26b3d.JPG', 'DSC_0188.JPG', 'JPG', '3625528', NULL),
(65, '50abe95ce6d8d3be6da3ff75ee181d76.JPG', 'DSC_0190.JPG', 'JPG', '3633222', NULL),
(66, 'd5ad32e473f41d352f56533c6c2337b4.JPG', 'DSC_0192.JPG', 'JPG', '4265030', NULL),
(67, '59a967a3e46413042238e1930b72f80f.JPG', 'DSC_0199.JPG', 'JPG', '3663344', NULL),
(68, 'b059c503570436b5c97e88584af08e11.JPG', 'DSC_0193.JPG', 'JPG', '4238864', NULL),
(69, 'c247430ac91ed09286982ca3067a5e3e.JPG', 'DSC_0202.JPG', 'JPG', '4023013', NULL),
(70, '1115885a5f4813dec376d54500ec3d83.JPG', 'DSC_0206.JPG', 'JPG', '3744635', NULL),
(71, '44774dac052d4b8ae8c20c524b560b21.JPG', 'DSC_0203.JPG', 'JPG', '4036281', NULL),
(72, '361d0b931869a48fbbb28d8e0cee17f8.JPG', 'DSC_0204.JPG', 'JPG', '4093089', NULL),
(73, '24446db3ab9613c13cdd71bde8722df6.JPG', 'DSC_0207.JPG', 'JPG', '3473119', NULL),
(74, 'fdc28590a209ffe9d62dc108d2bc02aa.JPG', 'DSC_0208.JPG', 'JPG', '3732380', NULL),
(75, '0fa0ce0e173bc0d75692b925b0e70ffd.JPG', 'DSC_0209.JPG', 'JPG', '3747565', NULL),
(76, '31fd65e4b57d5db7fa087ef04e102c2f.JPG', 'DSC_0210.JPG', 'JPG', '3653190', NULL),
(77, '390ba6108b2b90d3d98e1a3235d0d799.JPG', 'DSC_0214.JPG', 'JPG', '3662859', NULL),
(78, '43bba09b6042a68187f34020ec732cca.JPG', 'DSC_0213.JPG', 'JPG', '4237288', NULL),
(79, '58ff9cf86883129ba93f944246884527.JPG', 'DSC_0215.JPG', 'JPG', '3880477', NULL),
(80, 'b501b1b0e2f218f80ed1b7c59056b50c.JPG', 'DSC_0216.JPG', 'JPG', '3858053', NULL),
(81, '30b2857e0b09296b41c4f0f80b2d41f9.JPG', 'DSC_0222.JPG', 'JPG', '3705355', NULL),
(82, '4cca45bf8694375dec38706817a08f4d.JPG', 'DSC_0225.JPG', 'JPG', '3724375', NULL),
(83, '171c222487623aae6bb7729a426522a5.JPG', 'DSC_0228.JPG', 'JPG', '3785164', NULL),
(84, '92f1eb1ba04ba57f2a10483f2bb7ed1c.JPG', 'DSC_0232.JPG', 'JPG', '3644156', NULL),
(85, '4b6f9d57dd382c696d9a5436b5d186a9.JPG', 'DSC_0230.JPG', 'JPG', '4075819', NULL),
(86, 'f1d636a23c3d9e543524d01a109495a2.JPG', 'DSC_0233.JPG', 'JPG', '4062450', NULL),
(87, '9f7df1066a2b90d61466bfed2c879094.JPG', 'DSC_0234.JPG', 'JPG', '4035506', NULL),
(88, '2b2e60b21c0db399449a3f5b725e4499.JPG', 'DSC_0235.JPG', 'JPG', '3601068', NULL),
(89, '2cf43aae5654a372d955454e8536afba.JPG', 'DSC_0236.JPG', 'JPG', '3563151', NULL),
(90, '3e6cfab8e473b2e6807d4f0501222a48.JPG', 'DSC_0237.JPG', 'JPG', '3735331', NULL),
(91, '2c6e56c414cdd277e12b0e063b230669.JPG', 'DSC_0238.JPG', 'JPG', '3313097', NULL),
(92, '2ab03f943d797cbee66a4787bf8bee84.JPG', 'DSC_0239.JPG', 'JPG', '3993825', NULL),
(93, '04812daff22f6d200f31c3597f1bc1c5.JPG', 'DSC_0240.JPG', 'JPG', '3893357', NULL),
(94, 'b67bca5f1693e3001954f81381eb4a4c.JPG', 'DSC_0241.JPG', 'JPG', '3992802', NULL),
(95, '245b4a25d4955e50662896278559ad54.JPG', 'DSC_0242.JPG', 'JPG', '3919153', NULL),
(96, 'd18cf1b080733ea590505f015b39e0d1.JPG', 'DSC_0245.JPG', 'JPG', '4132584', NULL),
(97, 'e2da668a91b6c007cc8e6cf8fc1f2d26.JPG', 'DSC_0249.JPG', 'JPG', '4106730', NULL),
(98, '982f967afa510f983cd31ddb19e0ccb4.JPG', 'DSC_0251.JPG', 'JPG', '3746675', NULL),
(99, '198ca958370a0c44e513d67da7e8d1a7.JPG', 'DSC_0250.JPG', 'JPG', '3973346', NULL),
(100, 'ba3edf83de08f6ecbd245cf72a060af8.JPG', 'DSC_0252.JPG', 'JPG', '4074197', NULL),
(101, 'e572a972d5ba47d54365e34426abdd88.JPG', 'DSC_0253.JPG', 'JPG', '3732917', NULL),
(102, 'b914f095994c21dc666eb1331fcd2911.JPG', 'DSC_0254.JPG', 'JPG', '4247299', NULL),
(103, '75c25749f76fa4ea7f4b039c66b74722.JPG', 'DSC_0255.JPG', 'JPG', '3800018', NULL),
(104, '7288ed5ff0c4ffec79b3e0467fef61a2.JPG', 'DSC_0256.JPG', 'JPG', '3912766', NULL),
(105, '5e31f898bdda576454d767899793c441.JPG', 'DSC_0259.JPG', 'JPG', '3805667', NULL),
(106, '89b03932b9773fa8b8fa98cb1b2b9674.JPG', 'DSC_0260.JPG', 'JPG', '3660230', NULL),
(107, '0af4815919187f9c4cadd1a118ef85de.JPG', 'DSC_0261.JPG', 'JPG', '4260145', NULL),
(108, '8e6ee5ed3912fa9af292c4de62f6931f.JPG', 'DSC_0262.JPG', 'JPG', '3651179', NULL),
(109, '87e53764e0cc37febb10fb94fd7aed71.JPG', 'DSC_0263.JPG', 'JPG', '3738009', NULL),
(110, 'b592901ca4dd8251a9c914770aa896f9.JPG', 'DSC_0264.JPG', 'JPG', '3632693', NULL),
(111, '04dbc082e0e113f8f538884280981070.JPG', 'DSC_0265.JPG', 'JPG', '3681732', NULL),
(112, 'ac6301a2b5eb2dd60d5939ebfb4d2da2.JPG', 'DSC_0266.JPG', 'JPG', '3949668', NULL),
(113, '43b6cd4e9c8c5f77e9d867287d196b08.JPG', 'DSC_0267.JPG', 'JPG', '3921278', NULL),
(114, 'e2709b906648589b633137a043acf950.JPG', 'DSC_0268.JPG', 'JPG', '3695301', NULL),
(115, '27a8d2c229d7e68579e17f4679167ad8.JPG', 'DSC_0271.JPG', 'JPG', '4019245', NULL),
(116, '9b83de235055fb347b9084f26aa4ec30.JPG', 'DSC_0272.JPG', 'JPG', '3676086', NULL),
(117, '7fc027d255cad516928b3d64b24a714e.JPG', 'DSC_0274.JPG', 'JPG', '4187688', NULL),
(118, '3c2f470fc40a652360624149f8d2487e.JPG', 'DSC_0275.JPG', 'JPG', '3745043', NULL),
(119, '04c2cc29ce81ed23a15624023a108b04.JPG', 'DSC_0277.JPG', 'JPG', '3696305', NULL),
(120, 'eab02dbe14ce9c11b5b430afd43ba2ce.JPG', 'DSC_0278.JPG', 'JPG', '3698741', NULL),
(121, '280628a4fa064109cc3fb9ddb72dfba6.JPG', 'DSC_0284.JPG', 'JPG', '3646678', NULL),
(122, '8435451d333442fbeee1aca73aaa3ce1.JPG', 'DSC_0287.JPG', 'JPG', '4239949', NULL),
(123, '3f43a52e83f55ff1bfcc4aef646d8f65.JPG', 'DSC_0288.JPG', 'JPG', '4161314', NULL),
(124, 'd0b83bbee185d7d863eda44844fc4802.JPG', 'DSC_0292.JPG', 'JPG', '4157364', NULL),
(125, '79a13b1f744a3d6b4ba730ab77eddb4e.JPG', 'DSC_0293.JPG', 'JPG', '4077071', NULL),
(126, 'd221d15e67d0c3485b242cf3cf438fbc.JPG', 'DSC_0303.JPG', 'JPG', '4124919', NULL),
(127, '432fc6942e7002e8a92f19db8d982662.JPG', 'DSC_0304.JPG', 'JPG', '4137068', NULL),
(128, '82e5599a206b4380cf5e9144d1e29a4c.JPG', 'DSC_0311.JPG', 'JPG', '4045108', NULL),
(129, '64a2154c7736c5ed3672c6fc1d033c68.JPG', 'DSC_0312.JPG', 'JPG', '4301032', NULL),
(130, '66d5c52bacb7dde9f5c02a7f521ea7f9.JPG', 'DSC_0313.JPG', 'JPG', '4255310', NULL),
(131, '8663209e9abc8a2f03d833482c172bce.JPG', 'DSC_0317.JPG', 'JPG', '4279419', NULL),
(132, '9fcfc8b6d5fcef37784874711003330b.JPG', 'DSC_0321.JPG', 'JPG', '3526563', NULL),
(133, 'a39f5f9de81bcf1dd41a27bdd671d3a4.JPG', 'DSC_0323.JPG', 'JPG', '4002587', NULL),
(134, '29caa5763b2bb90333075d17dbb99524.JPG', 'DSC_0324.JPG', 'JPG', '4116211', NULL),
(135, '0b19e9d046515d42f296d683ea91f96a.JPG', 'DSC_0325.JPG', 'JPG', '4295441', NULL),
(136, 'f3195e3029f5d60dc5d53a6ad53f9cd3.JPG', 'DSC_0327.JPG', 'JPG', '4205359', NULL),
(137, 'd4f9e75dd387c7623a76ae54c6dbde66.JPG', 'DSC_0328.JPG', 'JPG', '3632270', NULL),
(138, 'fdd99df9e3fa8a1b5f907d602bde59b9.JPG', 'DSC_0332.JPG', 'JPG', '4133220', NULL),
(139, 'dfeb4828966bd3e9992c5a29f880a016.JPG', 'DSC_0335.JPG', 'JPG', '4300466', NULL),
(140, 'd4b0cddc927bde70e4ae0754b62c1588.JPG', 'DSC_0341.JPG', 'JPG', '4158838', NULL),
(141, '879713a234e036445f00305185bdb08e.JPG', 'DSC_0343.JPG', 'JPG', '4038887', NULL),
(142, '911b136824b89b3b17d40b3b4d05ea1d.JPG', 'DSC_0346.JPG', 'JPG', '4221081', NULL),
(143, '553536473a7741ab1c0bf84b019753f6.JPG', 'DSC_0350.JPG', 'JPG', '4181529', NULL),
(144, '07597b619449296c705051da2274f7bc.JPG', 'DSC_0351.JPG', 'JPG', '3721303', NULL),
(145, 'cde38eb0729e2d6924bb239cdc00c369.JPG', 'DSC_0352.JPG', 'JPG', '3928812', NULL),
(146, '481cdf3c31c6bab81c6f1c627e3bc180.JPG', 'DSC_0353.JPG', 'JPG', '3666031', NULL),
(147, '585ba9fc8cd8f47457649023ed7e3736.JPG', 'DSC_0354.JPG', 'JPG', '3934941', NULL),
(148, 'ff7bed0ed1e4bdca3010a40f7a0f9e59.JPG', 'DSC_0355.JPG', 'JPG', '4009256', NULL),
(149, 'eb8c6db01ccf7e1916c89100f0aeb397.JPG', 'DSC_0356.JPG', 'JPG', '3918365', NULL),
(150, '8ade9afb576eb995dd40454791a2eb49.JPG', 'DSC_0357.JPG', 'JPG', '3997827', NULL),
(151, '7cfe210514223202b24af2c78215f5a4.JPG', 'DSC_0358.JPG', 'JPG', '4022235', NULL),
(152, '30034dee2374c8564fb3d492d191a4bc.JPG', 'DSC_0359.JPG', 'JPG', '3785865', NULL),
(153, '5d8b96cd9b258eb5aa28d6e1a23f556a.JPG', 'DSC_0360.JPG', 'JPG', '3618173', NULL),
(154, '86071b3be0d7584e6ebe2b53fc6d9f43.JPG', 'DSC_0361.JPG', 'JPG', '4042073', NULL),
(155, '909fe4c3b9d2cb00445a36270bcea7de.JPG', 'DSC_0362.JPG', 'JPG', '4106186', NULL),
(156, '782af061c6dfe01ddbfcb9cb09385ed3.JPG', 'DSC_0363.JPG', 'JPG', '3960397', NULL),
(157, '6f5011943a37004086c4a4da39ece1ed.JPG', 'DSC_0364.JPG', 'JPG', '4172233', NULL),
(158, '0745e6cd8cb5c721b891df5029e4ba25.JPG', 'DSC_0365.JPG', 'JPG', '4108636', NULL),
(159, 'e78cf5a979496d9070f0342a399b1d9d.JPG', 'DSC_0366.JPG', 'JPG', '4255512', NULL),
(160, 'dcf176340e9b645ade83707b63d2bf3c.JPG', 'DSC_0367.JPG', 'JPG', '3953045', NULL),
(161, 'c8ab6889b5d55cfc0e8b514814d1a84b.JPG', 'DSC_0368.JPG', 'JPG', '3874605', NULL),
(162, '7c24a5a5da31738c6ab66493eec9140d.JPG', 'DSC_0369.JPG', 'JPG', '3817530', NULL),
(163, 'c52563ee52a4d06bc5fb3bbe3458dc4c.JPG', 'DSC_0370.JPG', 'JPG', '3870878', NULL),
(164, '2d8f9f82cf10dd051b178394c3778a47.JPG', 'DSC_0371.JPG', 'JPG', '3835855', NULL),
(165, '8efc41c3723aa11dfb5aa39ce33505f0.JPG', 'DSC_0372.JPG', 'JPG', '3836957', NULL),
(166, '1eb6e9b9b117b6700042b674b921d5ec.JPG', 'DSC_0373.JPG', 'JPG', '3890632', NULL),
(167, 'a5112dabcc6c4e494be4162fc28504e3.JPG', 'DSC_0374.JPG', 'JPG', '4059028', NULL),
(168, 'cff51018a493c71541a747a6e9fbe279.JPG', 'DSC_0375.JPG', 'JPG', '4019168', NULL),
(169, '2c1d837d87aaca6172d4c607e69c6e35.JPG', 'DSC_0376.JPG', 'JPG', '4033610', NULL),
(170, 'a4697216ea73ac29fcf05602b58eb937.JPG', 'DSC_0377.JPG', 'JPG', '3922137', NULL),
(171, '0ef7bb0c99bc23e11343a618ba96720b.JPG', 'DSC_0378.JPG', 'JPG', '3865473', NULL),
(172, 'e58febe78bf02ea35e5c6e162aac9e8c.JPG', 'DSC_0379.JPG', 'JPG', '3923498', NULL),
(173, 'aaa7c1ba6622a9b6b3664ad9ccc79ce3.JPG', 'DSC_0380.JPG', 'JPG', '3983448', NULL),
(174, 'f32372d51f7957bd854f1464b8552f02.JPG', 'DSC_0381.JPG', 'JPG', '3934825', NULL),
(175, '887f632db60854e94446b068664289a3.JPG', 'DSC_0382.JPG', 'JPG', '3947447', NULL),
(176, 'ee18f32b52868760f3702aaa34578734.JPG', 'DSC_0383.JPG', 'JPG', '3946665', NULL),
(177, 'f4fb64fc41ce126fc75e6f8b0ab0ba18.JPG', 'DSC_0385.JPG', 'JPG', '4071789', NULL),
(178, '42ed188c67774cbad4c112c625af5bb4.JPG', 'DSC_0388.JPG', 'JPG', '3885741', NULL),
(179, '3b835220b9b6227b1e152be75bfd7ad4.JPG', 'DSC_0389.JPG', 'JPG', '3817779', NULL),
(180, '0ddec43737b5611fa4a0c8242145a2a5.JPG', 'DSC_0390.JPG', 'JPG', '3681410', NULL),
(181, 'cbcfc9523a09a96ae61df5cc2c6f4a9d.JPG', 'DSC_0391.JPG', 'JPG', '3704428', NULL),
(182, '07aebd70f7061beea624be710a46f743.JPG', 'DSC_0392.JPG', 'JPG', '3633068', NULL),
(183, '91a2a2466ee9443f79176ee16adeb46f.JPG', 'DSC_0394.JPG', 'JPG', '3739797', NULL),
(184, '1ef0ab1e20831b4ea255573f5a01cc99.JPG', 'DSC_0395.JPG', 'JPG', '4276167', NULL),
(185, 'f8015526b999846f2483fc6f21258aef.JPG', 'DSC_0396.JPG', 'JPG', '4211977', NULL),
(186, 'b2e58bd1b9e3122db600b20a8831638f.JPG', 'DSC_0400.JPG', 'JPG', '3659755', NULL),
(187, 'ca18f26fade55fb6b73fef4fd5921be8.JPG', 'DSC_0398.JPG', 'JPG', '4186342', NULL),
(188, '00f75f8243990a15020613195161f25e.JPG', 'DSC_0405.JPG', 'JPG', '3614990', NULL),
(189, '9e28fd866dc6890fddaaf5d053c0bb9d.JPG', 'DSC_0406.JPG', 'JPG', '3606669', NULL),
(190, '375bfeb93f00fd38f25f070308a3bd3b.JPG', 'DSC_0014.JPG', 'JPG', '1387191', NULL),
(191, 'd8413dde9c5f16f2e170d9186ad96049.JPG', 'CSC_0031.JPG', 'JPG', '1597076', NULL),
(192, '614084bc8772f3cde919204721bf0fad.JPG', 'DSC_0009.JPG', 'JPG', '1503329', NULL),
(193, '7a0c19c16d380b2dc040f74a77131bf0.JPG', 'DSC_0027.JPG', 'JPG', '1495737', NULL),
(194, '439eea5d5f73ad8fb6f934c7004e689a.JPG', 'DSC_0051.JPG', 'JPG', '1371140', NULL),
(195, 'b1ba85116ec27fad6560d461160948d9.JPG', 'DSC_0050.JPG', 'JPG', '1676254', NULL),
(196, 'e4b09601f0724e9e9e192c6f59d2b302.JPG', 'DSC_0052.JPG', 'JPG', '1656582', NULL),
(197, '1f0adf4b798922d75dada63d701dad48.JPG', 'DSC_0053.JPG', 'JPG', '1698433', NULL),
(198, 'c35f650d26dc0340e5e8eabca68c38d3.JPG', 'DSC_0054.JPG', 'JPG', '1697179', NULL),
(199, '45a0eba1f75e5a76c457ad85f03e7e60.JPG', 'DSC_0055.JPG', 'JPG', '1748417', NULL),
(200, '57693383a713e97c3933000e4c6dd1c5.JPG', 'DSC_0057.JPG', 'JPG', '1835097', NULL),
(201, 'ea668a44fc3b95cbabeefe7ba71c31cf.JPG', 'DSC_0068.JPG', 'JPG', '1746482', NULL),
(202, 'aab1e204f50fc4ba89e259395dbde94a.JPG', 'DSC_0070.JPG', 'JPG', '1709979', NULL),
(203, '45573aa5199a6b7faa25db23d055bc29.JPG', 'DSC_0077.JPG', 'JPG', '1651594', NULL),
(204, '5bdc8ce8b16354985b949a457717d19f.JPG', 'DSC_0079.JPG', 'JPG', '1494495', NULL),
(205, '0dcab1f4d50fed657108d7a13604b974.JPG', 'DSC_0082.JPG', 'JPG', '1564320', NULL),
(206, '953f9eb0f2394ea3a4139977f60e26f2.JPG', 'DSC_0083.JPG', 'JPG', '1425673', NULL),
(207, 'ec75bd0a96683f46930fe968f4f6c8c7.JPG', 'DSC_0084.JPG', 'JPG', '1670926', NULL),
(208, 'af37c95888357e1e67fb35b1118388e1.JPG', 'DSC_0090.JPG', 'JPG', '1592852', NULL),
(209, '6006224c2f983b5f99c9b20f9eed3a4c.JPG', 'DSC_0092.JPG', 'JPG', '1404887', NULL),
(210, '451110cb0527ff2423b051a2a107cac6.JPG', 'DSC_0122.JPG', 'JPG', '1670573', NULL),
(211, '28b068ecf76c4e20abf4ac201bf3903f.JPG', 'DSC_0123.JPG', 'JPG', '1743672', NULL),
(212, 'b65c64054380079b138793d58b2dc260.JPG', 'DSC_0183.JPG', 'JPG', '1764803', NULL),
(213, '451b2611c2f81e646b8a42510c31a0ee.JPG', 'DSC_0189.JPG', 'JPG', '1655984', NULL),
(214, 'b6ce0b3cb26f1238282fce4f7cd1a378.png', 'фывфыв.png', 'png', '354569', NULL),
(215, 'f58a5ac925dac3c98be07830d044e73e.jpg', 'КЭР-Холдинг.jpg', 'jpg', '57175', NULL),
(216, 'dec956af420a70639ecfffc83587e71b.JPG', '2.JPG', 'JPG', '1320364', NULL),
(217, 'b08feb55d11ab80d425b00c93c2d0874.JPG', '3.JPG', 'JPG', '1348508', NULL),
(218, 'ae5121026208f9cef221932b0bfd51ca.JPG', '1.JPG', 'JPG', '1781743', NULL),
(219, '25f050d07e1a07f2eca5216685e691a3.JPG', 'DSC_0004.JPG', 'JPG', '1285960', NULL),
(220, '85aa6c742f13948295ceed114f7246c2.JPG', 'DSC_0002.JPG', 'JPG', '1545325', NULL),
(221, '04803aefbe66c5ce5c387457c8d57095.JPG', 'DSC_0003.JPG', 'JPG', '1527653', NULL),
(222, '78b1a89f389b29111878b5a3b4b6f4bc.JPG', 'DSC_0005.JPG', 'JPG', '1781743', NULL),
(223, '5ceb74de667bc315ae85e7e79d74616b.JPG', 'DSC_0011.JPG', 'JPG', '1542798', NULL),
(224, 'ee73d4e37415a901e7162ff8adea5ff5.JPG', 'DSC_0007.JPG', 'JPG', '1543875', NULL),
(225, '81bed14a073d641b2aaebe49f2fe482f.JPG', 'DSC_0016.JPG', 'JPG', '1655102', NULL),
(226, '3bae05c3c4290ef61c07c27f82cb0993.JPG', 'DSC_0036.JPG', 'JPG', '1311984', NULL),
(227, '446d4b9d113fcbba46052ba8e4b41ec8.JPG', 'DSC_0037.JPG', 'JPG', '1687413', NULL),
(228, '983308bf616ff8c29936e60aec42285e.JPG', 'DSC_0041.JPG', 'JPG', '1360786', NULL),
(229, 'bd4aa52c0f6dbbe47d34a5fc45630ac0.JPG', 'DSC_0046.JPG', 'JPG', '1348508', NULL),
(230, 'b9f72c03e77faabdb87256c8f497bdad.JPG', 'DSC_0048.JPG', 'JPG', '1396050', NULL),
(231, 'bcb7963a60702e6e00df5277c4066ea9.JPG', 'DSC_0064.JPG', 'JPG', '1740763', NULL),
(232, 'dea95a6d208a48d1dbb9853b86606d87.JPG', 'DSC_0072.JPG', 'JPG', '1184754', NULL),
(233, '1f27dd76595a201c3a16ca418df73296.JPG', 'DSC_0073.JPG', 'JPG', '1209902', NULL),
(234, 'b638d58321922f382bd195430b3fb0ea.JPG', 'DSC_0074.JPG', 'JPG', '1425946', NULL),
(235, 'cc093e5fcb2a0aa496fabe53fd5381c3.JPG', 'DSC_0088.JPG', 'JPG', '1626235', NULL),
(236, 'eeff9ca238e3e1551ace52076735515c.jpg', 'beta_testirovanie.jpg', 'jpg', '39763', NULL),
(237, '334b340c252babb4df4f27451b33c684.jpg', 'beta_testirovanie.jpg', 'jpg', '39763', NULL),
(238, 'e8d3ce3f823f6081ca05bbdf910f40eb.jpg', 'beta_testirovanie.jpg', 'jpg', '39763', NULL),
(239, '6d52a5cc546497febf20f4498445b706.jpg', 'beta_testirovanie.jpg', 'jpg', '39763', NULL),
(240, 'a87013512d9fe22c6cc2bd837eddedf3.jpg', 'w_9a563520.jpg', 'jpg', '311351', NULL),
(241, 'a5b5302c4d30dfdfdf384d0aaa41b9be.jpg', 'Я.jpg', 'jpg', '411029', NULL),
(242, 'fcfb19f28131b1b42d8f242360a072b1.jpg', 'KJVFQ.jpg', 'jpg', '12340', NULL),
(243, '6a14e02cfa74171adf9c9a3805c1e8b9.jpg', 'кук.jpg', 'jpg', '50338', NULL),
(244, 'bf8efade8a847aa519c1838fb78023fe.png', 'йцуйц.png', 'png', '354569', NULL),
(245, 'cf1c30541b90b1a4eccfd4fd2b570cd1.JPG', 'DSCN3760.JPG', 'JPG', '326640', NULL),
(246, 'd55af1f49c73be58ee4abfe1fe02cb93.JPG', 'DSCN3716.JPG', 'JPG', '260910', NULL),
(247, '933baa93455213b395dddbe74bb06b15.JPG', 'DSCN3757.JPG', 'JPG', '332815', NULL),
(248, '6931989124dca5a73b7a0ad4dacfda9b.JPG', 'DSCN3716.JPG', 'JPG', '260910', NULL),
(249, '835d99efb37aca40274ca5bf0b485d3a.JPG', 'DSCN3760.JPG', 'JPG', '326640', NULL),
(250, 'f0d6e106e6c8e63a7b1a5bbfd161d738.jpg', 'Голубые холмы.jpg', 'jpg', '28521', NULL),
(251, '794795a8bcca5c676bd87fbe929679b5.jpg', 'Закат.jpg', 'jpg', '71189', NULL),
(252, '7bd1e6969b2595348e75945400874630.jpg', 'Водяные лилии.jpg', 'jpg', '83794', NULL),
(253, 'b4e7676e993f2e1768212e706a12b0a8.jpg', 'Зима.jpg', 'jpg', '105542', NULL),
(259, '84de97baf27460dc642863d18b44b816.png', '6a00d8341c767353ef016762f7c808970b-800wi.png', 'png', '40158', NULL),
(258, 'd4ea19d1406dcaf862c6ce5fcc3ac8b5.png', '6a00d8341c767353ef016762f7c808970b-800wi.png', 'png', '40158', NULL),
(260, '8bafb4ef1f48a6a5589ee6d47fa42726.jpg', '2122399786_9d73a5d7c8_b.jpg', 'jpg', '167571', NULL),
(261, 'b43727bd96bc0ba2992f1fce739af7fe.jpg', '1349054408_be8cacf619_z.jpg', 'jpg', '177572', NULL),
(262, 'db407556c7478404aa37e9446fc3bc4d.jpg', '2122399786_9d73a5d7c8_b.jpg', 'jpg', '167571', NULL),
(263, 'b2b6c40880ac156f479baeceda8acdea.jpg', '1349054408_be8cacf619_z.jpg', 'jpg', '177572', NULL),
(264, '3cb4fe87616cb4f6b236bbd864dea73c.jpg', '2122399786_9d73a5d7c8_b.jpg', 'jpg', '167571', NULL),
(265, 'c28a80c25fd16d9dd997b2cf8e710294.jpg', '1349054408_be8cacf619_z.jpg', 'jpg', '177572', NULL),
(266, '58ff584646dfe5adce404f2d56f8fd70.png', 'ceebe591a6d556e2272a66668fe66efe.png', 'png', '54242', NULL),
(267, '95b2d282feec1b2012edf7222e877a6b.png', 'ceebe591a6d556e2272a66668fe66efe.png', 'png', '54242', NULL),
(268, '6059315b6e2767929b6549b3cef893d5.png', 'ceebe591a6d556e2272a66668fe66efe.png', 'png', '54242', NULL),
(269, 'ad38ddf1df6d87a2acf69194981259c1.jpg', '111111111e.jpg', 'jpg', '10141', NULL),
(270, '48d526355f92b65c2388fb3ea251cb89.png', 'ceebe591a6d556e2272a66668fe66efe.png', 'png', '54242', NULL),
(271, '95e140d97d1bcee40fb5a5ef6bd49abf.docx', 'Лекции модуль 1.docx', 'docx', '823711', NULL),
(272, 'dc1591612ec8db12d69c94c695163def.docx', 'Лекции модуль 1.docx', 'docx', '823711', NULL),
(273, '3add12fcdeeb87858c57f17aa2e51ce7.docx', 'Лекции модуль 2.docx', 'docx', '571527', NULL),
(274, '9e069d466fb607dd435e524f0d49945e.docx', 'Лекции модуль 3.docx', 'docx', '552642', NULL),
(275, '9dd8b56306182adc0d886cade30db9a6.docx', 'Лекции модуль 4.docx', 'docx', '260918', NULL),
(276, '4fbcc490eeec3c469e242f475f6f8f49.jpg', 'sims.jpg', 'jpg', '17717', NULL),
(277, '87ebce21a767eed9ef4d2b85f1891100.jpg', 'sims.jpg', 'jpg', '17717', NULL),
(278, '1b3c9ea35931d57012e4681e55208eaf.jpg', 'sims.jpg', 'jpg', '17717', NULL),
(279, 'c79d6b042544c34673e7dba3f845f8c9.jpg', 'sims.jpg', 'jpg', '17717', NULL),
(280, '9c9e2d0d4f1de2eaf84397f017035192.png', 'Без-фывфывимени-1.png', 'png', '50880', NULL),
(281, '8508b595e124b9f2addbcbd10e58225c.jpg', 'sims.jpg', 'jpg', '17717', NULL),
(286, '0bc7763c9d42a70deddd1c925b8d3623.png', 'mW0b35HdkrI.png', 'png', '22857', NULL),
(287, '3d1625978867ebede5bd653adc11c9b7.rar', 'Нормоконтроль.rar', 'rar', '7844269', NULL),
(288, 'f020879adc04d3f48ac5d93808f05afb.rar', 'Нормоконтроль.rar', 'rar', '7844269', NULL),
(289, '044bd47f298968ef5e222073faf59101.jpeg', '393438467.jpeg', 'jpeg', '12920', NULL),
(290, '04c917d7edef9b9e7edbe08eabe1120d.jpg', 'WP_000140.jpg', 'jpg', '1421642', 1),
(291, '8a106d3b094f5922cd53315d784d23db.jpg', 'WP_000143.jpg', 'jpg', '1650350', NULL),
(292, '25ba2666deaa2abccc11085e71d6befc.jpg', 'WP_000144.jpg', 'jpg', '1541795', NULL),
(293, 'b65415efcd4d4ca2f68cdaeab88f409e.jpg', 'WP_000141.jpg', 'jpg', '1638061', NULL),
(294, 'ac8646cb54cc87e9aac4a7f8db8aa629.jpg', 'WP_000145.jpg', 'jpg', '1433482', NULL),
(295, '88021ddd2e5f2cb3b63f9dae50019632.jpg', 'WP_000146.jpg', 'jpg', '1450786', NULL),
(296, '455b26bff1fca94ccd224e8a044ff5bb.jpg', 'WP_000147.jpg', 'jpg', '1752834', NULL),
(297, 'a079320bd89eca6cb20f0985e039eb0f.jpg', 'WP_000149.jpg', 'jpg', '1553018', NULL),
(298, 'fe2dfa8f335e1ab6d7398b92dccb73cd.jpg', 'WP_000148.jpg', 'jpg', '1307687', NULL),
(299, '89516aad46949ec1c14b6ef985cc9cb9.jpg', 'WP_000150.jpg', 'jpg', '1507932', NULL),
(300, 'b40e7ea8cbf547c997f14e43c7af09fa.jpg', 'WP_000153.jpg', 'jpg', '1958466', NULL),
(301, '6bd8d2417495d237726876feeb67117b.jpg', 'WP_000155.jpg', 'jpg', '1594402', NULL),
(302, '6cafdde726db703314ea1330f4f57c9d.jpg', 'WP_000154.jpg', 'jpg', '1605336', NULL),
(303, '32f0e38d07a5ac6f221e2d5829e91e8a.jpg', 'WP_000159.jpg', 'jpg', '1796352', NULL),
(304, '0039449af4a322c35d525d942256e689.jpg', 'WP_000158.jpg', 'jpg', '2000835', NULL),
(305, 'e2cd83c33548a942000f72c4d32895ee.jpg', 'WP_000160.jpg', 'jpg', '1853769', NULL),
(306, 'd43bdc06ec5f97d84a117a78a2873b14.jpg', 'WP_000161.jpg', 'jpg', '1830959', NULL),
(307, 'ab859947da3452feb92c4daf40cd45c9.jpg', 'WP_000162.jpg', 'jpg', '1995758', 1),
(308, '0c62751fa89b59a6b1e6ba0adc9d7ef0.jpg', 'WP_000165.jpg', 'jpg', '1679287', NULL),
(309, 'e9fb697f1b81bb434429ee1e138bc270.jpg', 'WP_000163.jpg', 'jpg', '1859116', NULL),
(310, 'd1132db320c018e7bc6d8f0db34b8156.jpg', 'WP_000164.jpg', 'jpg', '2075570', NULL),
(311, '112bd04e94de57b72579b8462219c355.jpg', 'WP_000166.jpg', 'jpg', '1594535', 1),
(312, 'da289f7803538748340a0b541e04d95d.jpg', 'WP_000168.jpg', 'jpg', '1567970', NULL),
(313, 'caa533aa2ac2a690e29fd8bf3c1cafa7.jpg', 'WP_000167.jpg', 'jpg', '1585615', NULL),
(314, '175bd43215a14d90cdae7cbd5776ff3d.jpg', 'WP_000169.jpg', 'jpg', '1764713', NULL),
(315, 'f4b4c5f748ea3736a7ed83e9343c1d37.jpg', 'WP_000170.jpg', 'jpg', '1869491', NULL),
(316, 'b3a98cf4119bb651f940be3129bf811b.jpg', 'WP_000171.jpg', 'jpg', '1696255', 1),
(317, '0256bc4cdea308643bb443315d9cf934.jpg', 'WP_000172.jpg', 'jpg', '1988931', 1),
(318, '868f1123d7238cf04d1f968b37f69558.jpg', 'WP_000173.jpg', 'jpg', '1749799', NULL),
(319, 'e6dd8415dc484105737d186afd0fabb9.jpg', 'WP_000174.jpg', 'jpg', '1861436', NULL),
(320, '327830933ae36104a556ca0066a8d9a3.jpg', 'WP_000176.jpg', 'jpg', '1765736', NULL),
(321, '5bf70f402d353062ffc3e1ff01cb6389.jpg', 'WP_000178.jpg', 'jpg', '1771278', NULL),
(322, 'fb3c8af6f89787b903ff0c0bb280a80b.jpg', 'WP_000181.jpg', 'jpg', '1948304', NULL),
(323, '8d9654bb98f9dbc6e0b6c415aceadb3c.jpg', 'WP_000183.jpg', 'jpg', '1928974', NULL),
(324, '8859bf5f72ffbc464fe5af09bd8c9c86.jpg', 'WP_000180.jpg', 'jpg', '2249807', NULL),
(325, '194ff2d1ed908078a119ac71336769a2.jpg', 'WP_000184.jpg', 'jpg', '1457009', NULL),
(326, 'dc42f2bb8a8f46f64f99874c9051ee81.jpg', 'WP_000185.jpg', 'jpg', '2078872', NULL),
(327, '95ca133daaee21fa5a7463a25ed6d9c2.jpg', 'WP_000186.jpg', 'jpg', '1903008', NULL),
(328, 'c0edf5f97aab1c3bc0e9d6a42b53cb51.jpg', 'WP_000188.jpg', 'jpg', '1804891', NULL),
(329, '03da6dc12a372bf47ade89ff5d34ba61.jpg', 'WP_000187.jpg', 'jpg', '1880699', NULL),
(330, '62da15572c4ebee9932c13c6e8f93819.rar', 'курсач+диплом.rar', 'rar', '8600740', NULL),
(331, '3951d39c8f83cf1a43a288eb8453f571.jpg', 'GwQ8dZjAORI.jpg', 'jpg', '30919', NULL),
(332, '86b9a4a35043b075810d32c9d6f76c51.rar', 'kursach.rar', 'rar', '1212131', NULL),
(333, 'a7ba26094b3613e6f4c4efc3d828efe2.docx', 'Лк АИУС 2010.docx', 'docx', '34803571', NULL),
(334, 'e93de94ebbaf199933c58e43652c9c9c.DOC', 'Лекции МСС.DOC', 'DOC', '1435136', NULL),
(335, '826efea087d26cee59b5e3c202afa0fd.doc', 'Лекции-Модуль1.doc', 'doc', '217600', NULL),
(336, 'fecd9eb1879e98f4cd43d6adaa7394a8.doc', 'Лекции-Модуль 2.doc', 'doc', '196608', NULL),
(337, '0388f5d75f8b7a93e513ee9f40ba191e.doc', 'Лекции - Модуль 3.doc', 'doc', '209920', NULL),
(338, '20227061cacda598654a502904002671.djvu', 'Стив Макконнелл - Совершенный код, 2-е изд (с оглавлением) - 2005.djvu', 'djvu', '22548990', NULL),
(339, '62ca0d49aee01a3bcd8727d7427ff64b.docx', 'Сайт 2013.docx', 'docx', '15045247', NULL),
(340, '816d02c37610d4935d0b09006ffbc1a5.png', 'download.png', 'png', '33938', NULL),
(341, '6d024190158f1e4ff7ee539f6b8bd185.png', 'download.png', 'png', '33938', NULL),
(342, '86d9b45e3fbd39cde790e63a20530790.jpg', '1.jpg', 'jpg', '32787', NULL),
(343, 'ec930ddcae26313e8b6e489e15006010.jpg', '87NTzRLYGtA.jpg', 'jpg', '132509', NULL),
(344, '18377e194756622279a4dc3db45b44d7.jpg', '4ty6lWJ7xEA.jpg', 'jpg', '244324', NULL),
(345, '355f2dd3243c91d4ad600058423ccd39.jpg', '_OgRBxZsP9o.jpg', 'jpg', '307632', NULL),
(346, '486a2e07bff38bf48309bf877b322be8.jpg', 'alr6M_sqBOU.jpg', 'jpg', '111463', NULL),
(347, '731cac32de5543a8198b8530cb14a30d.jpg', 'C97th-1UPsA.jpg', 'jpg', '200786', NULL),
(348, 'a39b1c420643c1ade4582e4f988d243b.jpg', 'dRrAP_jJ5FA.jpg', 'jpg', '157077', NULL),
(349, 'e376d13fa3ae8b50e1091fd7a5baf1b0.jpg', 'gIBFsGU7O9w.jpg', 'jpg', '242777', NULL),
(350, '0a84339d80e060b75fd64fdfeaa81c01.jpg', 'It1xyOdPe2Y.jpg', 'jpg', '185992', NULL),
(351, '4cbdaedafc093070c830ccf5f4bb0bd9.jpg', 'kfgk5pyhiZk.jpg', 'jpg', '242645', NULL),
(352, '643a6aea465d491147ab4789bb149b2d.jpg', 'mwZNRy-IT_s.jpg', 'jpg', '168855', NULL),
(353, 'd8e2122362d1d7131f4419129d28901c.jpg', 'qHO9LUAikJI.jpg', 'jpg', '141980', NULL),
(354, '8d4b6c2d8aabd09b56731b5db29117f0.jpg', 'Q_CnjGNBZFI.jpg', 'jpg', '358222', NULL),
(355, '48816709a37f8fc9f3992a63e36992e6.jpg', 'rLDWs1OiqTY.jpg', 'jpg', '133509', NULL),
(356, 'fdff10bd138f12cd2d2fc40bd851c188.jpg', 'tenyLCkamLY.jpg', 'jpg', '191988', NULL),
(357, '4eb2a72b92610ba18d53c33d0f4f61ca.jpg', 'TnBmLJOgEAM.jpg', 'jpg', '201756', NULL),
(358, '0ca3e319183be57f49a7cacef195abc9.jpg', 'futbol.jpg', 'jpg', '23289', NULL),
(359, '2a27b809dc15beff93daa29772002b46.jpg', 'ivolga_zhkh.jpg', 'jpg', '16238', NULL),
(360, 'e2c2fed18c9bfb6785dcc9cd5e1aeb47.jpg', 'oaWaLOH4S3c.jpg', 'jpg', '33733', NULL),
(361, '56212ff1dd44e70381c0880c69153247.jpg', 'mPB_JSYBk4o.jpg', 'jpg', '214275', NULL),
(362, 'b8d24ef494861367fe7d515a7089cad4.jpg', 'nhdZn31ihR8.jpg', 'jpg', '111324', NULL),
(363, '1452e405117952fc818ffc7d83f79a9c.jpg', 'Q-BHs5U4qJ8.jpg', 'jpg', '111434', NULL),
(364, 'c3b36914b11ec8b3bc44be8e21e2875b.jpg', 'tnnFpxrYMA4.jpg', 'jpg', '133084', NULL),
(365, '639a4ed555451d50b284a9e9f5d7a13e.jpg', 'X4IjAmsnLFI.jpg', 'jpg', '299183', NULL),
(366, '9174a1e1ea6d8bb89cfbb645d2f85395.jpg', 'xQCDfbmIoeQ.jpg', 'jpg', '258138', NULL),
(367, 'eff16fb56d76f949fd19ec8b4bcddd9d.jpg', 'oaWaLOH4S3c.jpg', 'jpg', '33733', NULL),
(368, '94e180eb21f429935ad8c5bef88d5701.jpg', 'futbol.jpg', 'jpg', '23289', NULL),
(369, '6284f76d43a560b655f7ba5a24b8d61f.jpg', 'oaWaLOH4S3c.jpg', 'jpg', '33733', NULL),
(370, '586fbe93d6cfc2315d05a1d7c24af755.jpg', 'mPB_JSYBk4o.jpg', 'jpg', '214275', NULL),
(371, 'b30a18227a993c093670af2eb7940343.jpg', 'Q-BHs5U4qJ8.jpg', 'jpg', '111434', NULL),
(372, '9f5b68df80e624925ac14170933e05a6.jpg', 'nhdZn31ihR8.jpg', 'jpg', '111324', NULL),
(373, '24bc5d1a3791c58b4c7190260b7dfdf5.jpg', 'tnnFpxrYMA4.jpg', 'jpg', '133084', NULL),
(374, 'f4b44be42a38866470a5f19f871b5777.jpg', 'X4IjAmsnLFI.jpg', 'jpg', '299183', NULL),
(375, '3ef9712ddf203626ebff66a6751469e4.jpg', 'xQCDfbmIoeQ.jpg', 'jpg', '258138', NULL),
(376, 'b4fab42ea8f53b69897c0508aa0e44e4.jpg', 'HGeChCwHrWw.jpg', 'jpg', '322147', NULL),
(377, '847fb9e4f58d632d2c6d7afed62f7398.jpg', 'icon.jpg', 'jpg', '327240', NULL),
(378, 'db41554a193b58ea848f08e4d78943ca.jpg', 'oaWaLOH4S3c.jpg', 'jpg', '33733', NULL),
(379, '35e9070e51b260e11f0c242798ac5daf.jpg', 'nhdZn31ihR8.jpg', 'jpg', '111324', NULL),
(380, 'd6a40c96c67a4998edc7bc1504ab15c8.jpg', 'mPB_JSYBk4o.jpg', 'jpg', '214275', NULL),
(381, '9feb0c3cdfa8f74f71bc7a26812bef2f.jpg', 'Q-BHs5U4qJ8.jpg', 'jpg', '111434', NULL),
(382, '96d1519da443de3a1b3ea39df7f2ea9c.jpg', 'HGeChCwHrWw.jpg', 'jpg', '322147', NULL),
(383, '4a011b5f0da8cd9e165e64b4fa55e6af.jpg', 'olDdUS1QzIQ.jpg', 'jpg', '336627', NULL),
(384, 'b58ae4ef6af3d20638c4bec13e3e6fa4.jpg', 'oaWaLOH4S3c.jpg', 'jpg', '33733', NULL),
(385, '4ce76b7b53de530a0a28b6970088578e.jpg', 'oaWaLOH4S3c.jpg', 'jpg', '33733', NULL),
(386, '97643545314a0901486c62bfb5d75152.doc', 'ХакимуллинаАС-свед-с9.doc', 'doc', '35840', NULL),
(387, '4a580df4e78503991058930dd415499a.docx', 'ХакимуллинаАС-с.9.docx', 'docx', '625153', NULL),
(388, '817e31914b9fe91e324fb9cf1c4c5572.doc', 'Рекомендательное письмо.doc', 'doc', '38400', NULL),
(389, '03f6432efb326cfc963650f6ca718ceb.rar', 'Мобильные ИЭТР.rar', 'rar', '2075181', NULL),
(390, '91d6387c3876dbd140dc07f3b77f9bd7.pdf', 'ctt-2013-1-Tom.pdf', 'pdf', '24947424', NULL),
(391, '9a3a35eec80578614970e6b98b6c5ad6.pdf', 'Итоговая программа СТТ-2013.pdf', 'pdf', '1315510', NULL),
(392, 'd31459d55e8f145adbbb0dc1995ee1d1.jpg', '166.jpg', 'jpg', '333488', NULL),
(393, '33b6e1ff3a85b0ee7f35ebccb9f0a373.jpg', '167.jpg', 'jpg', '282476', NULL),
(394, '486a625a53717e63a0d1d2a5640634ce.doc', 'Сопроводительное письмо.doc', 'doc', '43520', NULL),
(395, '0bc9c953cc73f5b983cf9619da3ace25.docx', 'ХакимуллинаАС_док.docx', 'docx', '23570', NULL),
(396, 'd98e32e9d3ac9e199b673cbaefb05d6d.doc', 'ХакимуллинаАС_заявка.docx.doc', 'doc', '31744', NULL),
(397, 'cb0401a6de13f4ca14a46f366e08754e.doc', 'НИР.doc', 'doc', '4456448', NULL),
(398, 'd98f3ac8762c989c49f4d590c887d9ac.pdf', 'Задачник VBA.pdf', 'pdf', '920126', NULL),
(399, '438faa33c73ca2370878a9f64737c40f.PNG', 'Снимок.PNG', 'PNG', '656', NULL),
(400, '3d3aef26c82585bf30f3be90b6f6e166.jpg', '45730-1680x1050.jpg', 'jpg', '311970', NULL),
(401, '15ce98c1c3442fafa3da7c2dd90b656c.png', 'Armor_of_Altaïr_v.png', 'png', '158878', NULL),
(402, 'e61d8dbee441cfe33e5de260580d23b8.jpeg', '393438467.jpeg', 'jpeg', '12920', NULL),
(403, 'b70c1866822ccb92f8093a4760a6acbc.jpg', 'Daft-Punk-HD-Wallpapers.jpg', 'jpg', '1602639', NULL),
(404, 'df52fe06712971fa6d38f82497cb0e82.jpeg', '393438467.jpeg', 'jpeg', '12920', NULL),
(405, 'aaab60b83b7f86b291d47a6235f9d92d.jpeg', '393438467.jpeg', 'jpeg', '12920', NULL),
(406, '78fc5eb45b08a34284792f81dd4c8477.jpeg', '393438467.jpeg', 'jpeg', '12920', NULL),
(407, '8157e0bbc4509be6f548a21ca7d3c62d.jpeg', '393438467.jpeg', 'jpeg', '12920', NULL),
(408, '929a8edbf9ba4f51822771b9ba5dd875.jpeg', '393438467.jpeg', 'jpeg', '12920', NULL),
(409, 'fd6da34489e62bb94efbdffb2183dd00.jpeg', '393438467.jpeg', 'jpeg', '12920', NULL),
(410, 'd7b89d968841474190297c925d59cc4d.jpeg', '393438467.jpeg', 'jpeg', '12920', NULL),
(411, 'ed28e3960434986df7b7a61f437d3190.jpeg', '393438467.jpeg', 'jpeg', '12920', NULL),
(412, 'edd1691d6e075522136474bbeb4cca3e.jpeg', '393438467.jpeg', 'jpeg', '12920', NULL),
(413, '66793b44bd54cf787ee26683c446a3c4.jpeg', '393438467.jpeg', 'jpeg', '12920', NULL),
(414, '665227d581cfea57aa20c07433e5cc41.jpeg', '393438467.jpeg', 'jpeg', '12920', NULL),
(415, '81e79822749a183c9c5bb2fb265c3a12.jpg', 'Daft-Punk-HD-Wallpapers.jpg', 'jpg', '1602639', NULL),
(416, '168fc3442303e95127d223bd616639ae.jpg', 'Daft-Punk-HD-Wallpapers.jpg', 'jpg', '1602639', NULL),
(417, '2b0d97917a29c032f291e3eb18198a86.jpg', 'Daft-Punk-HD-Wallpapers.jpg', 'jpg', '1602639', NULL),
(418, '69dad9ab6e36d5ab616cb29e8e20cabc.jpg', 'rye_CdgYfLk.jpg', 'jpg', '61727', NULL),
(419, '481281d138d4d266677dc24c19a27b99.jpg', 'rye_CdgYfLk.jpg', 'jpg', '61727', NULL);

-- --------------------------------------------------------

--
-- Структура таблицы `tbl_user`
--

CREATE TABLE IF NOT EXISTS `tbl_user` (
  `id` int(11) NOT NULL AUTO_INCREMENT,
  `password` varchar(128) DEFAULT NULL,
  `username` varchar(128) DEFAULT NULL,
  `profile` text,
  `active` tinyint(4) NOT NULL DEFAULT '0',
  `pin` varchar(255) DEFAULT NULL,
  `vk_id` int(255) DEFAULT NULL,
  `banned` int(11) DEFAULT NULL,
  `laste_enter` int(11) DEFAULT NULL,
  PRIMARY KEY (`id`)
) ENGINE=MyISAM  DEFAULT CHARSET=utf8 AUTO_INCREMENT=146 ;

--
-- Дамп данных таблицы `tbl_user`
--

INSERT INTO `tbl_user` (`id`, `password`, `username`, `profile`, `active`, `pin`, `vk_id`, `banned`, `laste_enter`) VALUES
(65, '71bc2210e9399fc3d6f33db047f96afd', 'lkdnvc@gmail.com', NULL, 1, '74c9a19cc8512d6cf34efd7decbcf6e5', NULL, NULL, 1378731930),
(66, 'sola2cdd295e5a32acb61c6bdedd9650e64', 'mail.vk.020a44b65b17498254140fe02dc07bb0@gmail.com', NULL, 1, '7ae131b10e9b143c3ced212a8d7cc625', 6009665, NULL, 1374219140),
(72, '86266ee937d97f812a8e57d22b62ee29', 'sergmak92@mail.ru', NULL, 1, '1598a0bef42e3eb9384f396d0d413e51', NULL, NULL, NULL),
(81, '9385524c526c4aeadad9f60e851c9238', 'ban83@mail.ru', NULL, 1, 'e320aa106aa1a75c23f8cefadf19f0e5', NULL, NULL, 1377410975),
(74, 'b5755cd6fd101e1c0a72fbe924d384b3', 'kete-chan@mail.ru', NULL, 1, 'c623a979b46c40388cb137094e86f4df', NULL, NULL, 1377255882),
(75, '84aeeeb21ca4ce5f15c11fbe073c9756', 'Newbie13@mail.ru', NULL, 1, 'a19fa28dc750fce0b379b679d44eff3a', NULL, NULL, 1370373798),
(76, 'sol3e867af6bf94a724ea8ca8cb1cdf3a82', 'mail.vk.9e683730330182908bc84dae4652e063@gmail.com', NULL, 1, '19908a85e27896734f7d348a80369710', 7615842, NULL, 1362177043),
(77, '3c48acf5021ad0d3bf4c641fd5beab00', 'hathbeg19@mail.ru', NULL, 1, '43a9a7f591ebc827d18d43236db5742e', NULL, NULL, NULL),
(78, '035e7fe5a59ad9e838c2f353ab247100', 'www.almaz26@mail.ru', NULL, 1, 'd3ad2f00787af090f1d647f172ae28b8', NULL, NULL, NULL),
(79, 'cf6a9934439618b1a3bfac08cc00cc3b', 'nastya_markova1992@mail.ru', NULL, 1, 'a021b0c5da587ef4dd42d68cd05a04ce', NULL, NULL, NULL),
(91, '12b23df6df392b373a628a266de4ab69', 'kadowanie@gmail.com', NULL, 1, '4fba5d808c03dedc0fc962c0ce78dcdd', NULL, NULL, 1374040660),
(96, 'df54aa3a0c471fe92fe0022f68f18329', 'ezker@mail.ru', NULL, 1, '826799858fe4889b20e3c3b69de4e22d', NULL, NULL, 1366363291),
(95, '021b3fe61bfa063136a3a107eb86fd70', 'ramisfan@list.ru', NULL, 1, 'c948f6afb55834222e3184dfe56a8b2d', NULL, NULL, 1362400906),
(94, 'e3ebe4a4919cc52c5b37a593bbdb3a54', 'ihtibar91@mail.ru', NULL, 1, 'aae78562a06520a66c913c0f38bca0ca', NULL, NULL, NULL),
(97, '57f78e7af7d9d6b09693f71673d4f74c', 'dinarbarsa@yandex.ru', NULL, 1, '5f8a19d9d0d833b83d81d665015df10c', NULL, NULL, NULL),
(111, '9ce032a9b89122da63f54f3b9371bfcb', 'galifanova_alsu@mail.ru', NULL, 1, 'e3eb3ebc042dd7a50c060388dbff3fc7', NULL, NULL, 1362068233),
(100, '97b89f118007c0b2d991733a73f45302', 'bagautdinova.lil@mail.ru', NULL, 1, '6528e425a1d3969e812aec3a27817222', NULL, NULL, 1362401199),
(101, 'sol7306e50eb8d21988078212f16866df1d', 'mail.vk.1f7a918f39ad7642bdb4dbc462c0fc7a@gmail.com', NULL, 1, '0ddf2a52763b41789c0af5fd1bf83bdd', 19767256, NULL, 1368433267),
(103, '9ef2ac07b5af173318f244d77d11ffcd', 'Rasef@yandex.ru', NULL, 1, 'e4f25059e6886e31b6293794df3f81dc', NULL, NULL, 1377062814),
(106, '4ca6f1d6876b11125166d9074fed5082', 'Rasim467@mail.ru', NULL, 1, 'f9a9baa494d72074b6d8cd578836fac0', NULL, NULL, NULL),
(107, 'sol9d39b95b86681c5de58e9a0393d3429c', 'mail.vk.ebafde4f39662e498ea0cd85345203ad@gmail.com', NULL, 1, 'a47008108fb7c0e8271322e3f267976d', 42454278, NULL, NULL),
(110, '7d45fe8276e02f2f6fc5a77296d7fb5d', 'Yoj_dvt@mail.ru', NULL, 1, 'c0462a2a20846db87b938f56d38dd58d', NULL, NULL, 1376303494),
(115, '2dd2c04284adeba8326beed9f17d654a', 'rustem.mustafin@inbox.ru', NULL, 1, '49013033e57392d3b99ecdeeeff09d1e', NULL, NULL, 1361948480),
(113, 'eeadca87d27e4534a9f304137ba3a07e', 'krylov.pavel.01@mail.ru', NULL, 1, 'fdb9981c780df986d0e67d5f0d03340a', NULL, NULL, 1361899050),
(114, '87ef32b89dda3c2408a0b7895d607cac', 'alinochka-giz@mail.ru', NULL, 1, '4c7cd7fafdb9ebd7f6cc34b077a88f3b', NULL, NULL, 1361899479),
(116, '3c164f491ba520ee30623b6b39fb4b73', 'aminusha24@mail.ru', NULL, 1, 'b6c58077ae8f7ae51f919839f548d8ac', NULL, NULL, 1368803737),
(117, 'sol7887dabc5b05a3fbb4d23621ffa549e7', 'mail.vk.19757999fd8bcf7606e06e7d98d351da@gmail.com', NULL, 1, 'b3b814516dec65400c9644529e689683', 133289550, NULL, 1362245402),
(118, '76a30fdd282942af37d20e055b91f4bf', 'danger13331@gmail.com', NULL, 1, '26bac0b5cab721d8474e812503f3904d', NULL, NULL, 1362315870),
(143, '719f67e6e85b355b7cd048f82c2a9a09', 'sined@hotmail.ru', NULL, 0, '36ac95a428127a95aa39c736073e3f16', NULL, NULL, NULL),
(120, 'sol38ad79697de495fb875bff369c5314a5', 'mail.vk.c590a93f7b3b519aa4ca013372412605@gmail.com', NULL, 1, '730027caa8a976442bce8301c66c69d2', 18057000, NULL, 1368057089),
(125, 'b7b6651b5413d92454287904b9d5b1be', 'carpenter_wowa@mail.ru', NULL, 1, '0ca08618698f5f859c4c18f88ec87e51', NULL, 0, NULL),
(144, 'decc8686654b465e5313259325149a86', 'agronomcereteli@bk.ru', NULL, 1, 'd4508d4fb8bdc67976a81141668000c0', NULL, 0, 1373190695),
(126, '7811bc37d02b51688284e82426e4908a', 'krylov.pavel.00@mail.ru', NULL, 1, 'cfc21ebe8a4d5f0a89d272272c44f2c3', NULL, NULL, 1364400084),
(127, '667f771f480d2b54a0fead39a2d386be', 'shiogarat@mail.ru', NULL, 1, 'b71a7db3e5d29e97a157fa064acff48d', NULL, NULL, 1369663674),
(130, '47b971fec54499d723aec25d4bf2ad8c', 'rnt_act@mail.ru', NULL, 1, '8ddbd3679b24213f3949bd9935449c32', NULL, NULL, 1369908297),
(145, '71bc2210e9399fc3d6f33db047f96afd', 'lkdnvc@yandex.ru', NULL, 1, '90102004ba58d1532a857d846826f4a4', NULL, NULL, 1377610022);

-- --------------------------------------------------------

--
-- Структура таблицы `tbl_user_semestr_predmet`
--

CREATE TABLE IF NOT EXISTS `tbl_user_semestr_predmet` (
  `id` int(255) NOT NULL AUTO_INCREMENT,
  `semestr_id` int(255) NOT NULL,
  `user_id` int(255) NOT NULL,
  `predmet_id` int(255) NOT NULL,
  `rating_id` int(128) DEFAULT NULL,
  PRIMARY KEY (`id`)
) ENGINE=MyISAM  DEFAULT CHARSET=utf8 AUTO_INCREMENT=769 ;

--
-- Дамп данных таблицы `tbl_user_semestr_predmet`
--

INSERT INTO `tbl_user_semestr_predmet` (`id`, `semestr_id`, `user_id`, `predmet_id`, `rating_id`) VALUES
(346, 7, 65, 54, 2),
(345, 7, 65, 53, 4),
(344, 7, 65, 52, 2),
(343, 7, 65, 51, 2),
(342, 7, 65, 50, 2),
(341, 7, 65, 49, 2),
(340, 7, 65, 60, 3),
(339, 7, 65, 61, 2),
(338, 6, 65, 46, 3),
(337, 6, 65, 45, 3),
(336, 6, 65, 44, 4),
(335, 6, 65, 43, 3),
(334, 6, 65, 42, 2),
(333, 6, 65, 41, 2),
(332, 6, 65, 40, 2),
(331, 6, 65, 39, 2),
(330, 5, 65, 37, 2),
(329, 5, 65, 36, 2),
(328, 5, 65, 34, 2),
(327, 5, 65, 32, 2),
(326, 5, 65, 31, 2),
(325, 5, 65, 30, 2),
(324, 5, 65, 25, 2),
(323, 4, 65, 25, 2),
(322, 4, 65, 38, 2),
(321, 4, 65, 30, 2),
(320, 4, 65, 29, 2),
(319, 4, 65, 28, 2),
(318, 4, 65, 27, 2),
(317, 3, 65, 22, 2),
(316, 3, 65, 23, 2),
(348, 7, 74, 61, 3),
(314, 3, 65, 24, 2),
(313, 3, 65, 16, 2),
(312, 3, 65, 48, 2),
(311, 2, 65, 47, 3),
(310, 2, 65, 20, 2),
(309, 2, 65, 19, 2),
(308, 2, 65, 17, 3),
(307, 2, 65, 16, 2),
(306, 2, 65, 15, 2),
(305, 2, 65, 13, 2),
(304, 1, 65, 47, 3),
(303, 1, 65, 35, 2),
(302, 1, 65, 16, 2),
(301, 1, 65, 15, 2),
(47, 1, 66, 47, 4),
(48, 1, 66, 14, 4),
(49, 1, 66, 15, 4),
(50, 1, 66, 16, 4),
(51, 1, 66, 35, 4),
(52, 1, 66, 12, 3),
(53, 1, 66, 13, 4),
(54, 2, 66, 19, 4),
(55, 2, 66, 17, 4),
(56, 2, 66, 16, 4),
(57, 2, 66, 13, 4),
(58, 2, 66, 15, 4),
(59, 2, 66, 20, 4),
(60, 2, 66, 47, 4),
(61, 3, 66, 15, 3),
(62, 3, 66, 16, 4),
(63, 3, 66, 20, 4),
(64, 3, 66, 22, 4),
(65, 3, 66, 23, 4),
(66, 3, 66, 24, 4),
(67, 3, 66, 25, 3),
(68, 3, 66, 38, 4),
(69, 3, 66, 48, 4),
(70, 4, 66, 15, 4),
(71, 4, 66, 25, 4),
(72, 4, 66, 27, 4),
(73, 4, 66, 28, 4),
(74, 4, 66, 29, 4),
(75, 4, 66, 30, 4),
(76, 4, 66, 38, 4),
(77, 5, 66, 25, 4),
(78, 5, 66, 30, 4),
(79, 5, 66, 31, 4),
(80, 5, 66, 32, 4),
(81, 5, 66, 34, 4),
(82, 5, 66, 36, 4),
(83, 5, 66, 37, 4),
(84, 6, 66, 42, 4),
(85, 6, 66, 59, 4),
(86, 6, 66, 44, 4),
(87, 6, 66, 41, 4),
(88, 6, 66, 39, 4),
(89, 6, 66, 40, 4),
(90, 6, 66, 58, 4),
(91, 7, 66, 58, 4),
(92, 7, 66, 52, 4),
(93, 7, 66, 61, 4),
(94, 7, 66, 62, 4),
(95, 7, 66, 50, 4),
(96, 7, 66, 60, 4),
(97, 1, 72, 12, 3),
(98, 1, 72, 13, 4),
(99, 1, 72, 14, 4),
(100, 1, 72, 15, 3),
(101, 1, 72, 16, 4),
(102, 1, 72, 17, 4),
(103, 1, 72, 35, 4),
(104, 1, 72, 47, 4),
(105, 2, 72, 13, 4),
(106, 2, 72, 15, 3),
(107, 2, 72, 16, 4),
(108, 2, 72, 17, 4),
(109, 2, 72, 19, 4),
(110, 2, 72, 20, 4),
(111, 2, 72, 47, 4),
(112, 3, 72, 48, 4),
(113, 3, 72, 16, 4),
(114, 3, 72, 24, 4),
(115, 3, 72, 38, 4),
(116, 3, 72, 23, 4),
(117, 3, 72, 22, 4),
(118, 4, 72, 27, 4),
(119, 4, 72, 28, 4),
(120, 4, 72, 29, 3),
(121, 4, 72, 30, 3),
(122, 4, 72, 38, 4),
(123, 4, 72, 25, 3),
(124, 5, 72, 25, 3),
(125, 5, 72, 30, 3),
(126, 5, 72, 31, 4),
(127, 5, 72, 32, 4),
(128, 5, 72, 34, 4),
(129, 5, 72, 36, 3),
(130, 5, 72, 37, 4),
(131, 6, 72, 39, 4),
(132, 6, 72, 40, 4),
(133, 6, 72, 41, 4),
(134, 6, 72, 42, 4),
(135, 6, 72, 43, 4),
(136, 6, 72, 44, 3),
(137, 6, 72, 45, 4),
(138, 6, 72, 46, 4),
(139, 7, 72, 49, 4),
(140, 7, 72, 50, 3),
(141, 7, 72, 51, 4),
(142, 7, 72, 52, 4),
(143, 7, 72, 53, 3),
(144, 7, 72, 54, 4),
(145, 7, 72, 55, 4),
(146, 1, 74, 12, 3),
(147, 1, 74, 13, 4),
(148, 1, 74, 14, 4),
(149, 1, 74, 15, 4),
(150, 1, 74, 16, 4),
(197, 1, 75, 15, 3),
(152, 1, 74, 35, 3),
(153, 1, 74, 47, 3),
(154, 2, 74, 13, 4),
(155, 2, 74, 15, 3),
(156, 2, 74, 16, 3),
(157, 2, 74, 17, 4),
(158, 2, 74, 19, 4),
(159, 2, 74, 20, 4),
(160, 2, 74, 47, 3),
(161, 3, 74, 48, 4),
(162, 3, 74, 16, 4),
(163, 3, 74, 24, 3),
(196, 1, 75, 14, 4),
(165, 3, 74, 23, 3),
(166, 3, 74, 22, 4),
(167, 4, 74, 27, 4),
(168, 4, 74, 28, 4),
(169, 4, 74, 29, 3),
(170, 4, 74, 30, 4),
(171, 4, 74, 38, 4),
(172, 4, 74, 25, 3),
(173, 5, 74, 25, 3),
(174, 5, 74, 30, 4),
(175, 5, 74, 31, 4),
(176, 5, 74, 32, 3),
(177, 5, 74, 34, 4),
(178, 5, 74, 36, 4),
(179, 5, 74, 37, 3),
(180, 6, 74, 39, 4),
(181, 6, 74, 40, 4),
(182, 6, 74, 41, 4),
(183, 6, 74, 42, 4),
(184, 6, 74, 43, 4),
(185, 6, 74, 44, 3),
(186, 6, 74, 45, 4),
(187, 6, 74, 46, 4),
(188, 7, 74, 49, 4),
(189, 7, 74, 50, 4),
(190, 7, 74, 51, 4),
(191, 7, 74, 52, 4),
(192, 7, 74, 53, 4),
(193, 7, 74, 54, 4),
(195, 1, 75, 47, 4),
(198, 1, 75, 16, 2),
(199, 1, 75, 35, 3),
(200, 1, 75, 12, 2),
(201, 1, 75, 13, 4),
(202, 2, 75, 19, 3),
(203, 2, 75, 17, 4),
(204, 2, 75, 16, 2),
(205, 2, 75, 13, 3),
(206, 2, 75, 15, 3),
(207, 2, 75, 20, 2),
(208, 2, 75, 47, 3),
(209, 3, 75, 15, 3),
(210, 3, 75, 16, 2),
(211, 3, 75, 20, 2),
(212, 3, 75, 22, 4),
(213, 3, 75, 23, 2),
(214, 3, 75, 24, 2),
(215, 3, 75, 25, 2),
(216, 3, 75, 38, 4),
(217, 3, 75, 48, 4),
(218, 4, 75, 15, 3),
(219, 4, 75, 25, 3),
(220, 4, 75, 27, 3),
(221, 4, 75, 28, 4),
(222, 4, 75, 29, 4),
(223, 4, 75, 30, 3),
(224, 4, 75, 38, 4),
(225, 5, 75, 25, 2),
(226, 5, 75, 30, 3),
(227, 5, 75, 31, 4),
(228, 5, 75, 32, 3),
(229, 5, 75, 34, 4),
(230, 5, 75, 36, 2),
(231, 5, 75, 37, 3),
(232, 6, 75, 42, 3),
(233, 6, 75, 59, 3),
(234, 6, 75, 44, 3),
(235, 6, 75, 41, 3),
(236, 6, 75, 39, 3),
(237, 6, 75, 40, 4),
(238, 6, 75, 58, 3),
(239, 7, 75, 58, 3),
(240, 7, 75, 52, 3),
(241, 7, 75, 61, 3),
(242, 7, 75, 62, 4),
(243, 7, 75, 50, 4),
(244, 7, 75, 60, 3),
(245, 1, 77, 47, 4),
(246, 1, 77, 14, 3),
(247, 1, 77, 15, 4),
(248, 1, 77, 16, 4),
(249, 1, 77, 35, 3),
(250, 1, 77, 12, 4),
(251, 1, 77, 13, 4),
(252, 2, 77, 19, 4),
(253, 2, 77, 17, 4),
(254, 2, 77, 16, 3),
(255, 2, 77, 13, 4),
(256, 2, 77, 15, 4),
(257, 2, 77, 20, 3),
(258, 2, 77, 47, 4),
(259, 3, 77, 15, 4),
(260, 3, 77, 16, 4),
(261, 3, 77, 20, 3),
(262, 3, 77, 22, 4),
(263, 3, 77, 23, 3),
(264, 3, 77, 24, 3),
(265, 3, 77, 25, 4),
(266, 3, 77, 38, 4),
(267, 3, 77, 48, 4),
(268, 4, 77, 15, 4),
(269, 4, 77, 25, 4),
(270, 4, 77, 27, 4),
(271, 4, 77, 28, 4),
(272, 4, 77, 29, 4),
(273, 4, 77, 30, 4),
(274, 4, 77, 38, 4),
(275, 5, 77, 25, 4),
(276, 5, 77, 30, 4),
(277, 5, 77, 31, 3),
(278, 5, 77, 32, 3),
(279, 5, 77, 34, 3),
(280, 5, 77, 36, 3),
(281, 5, 77, 37, 3),
(282, 6, 77, 42, 4),
(283, 6, 77, 59, 4),
(284, 6, 77, 44, 4),
(285, 6, 77, 41, 4),
(286, 6, 77, 39, 3),
(287, 6, 77, 40, 3),
(288, 6, 77, 58, 3),
(289, 7, 77, 58, 3),
(290, 7, 77, 52, 4),
(291, 7, 77, 61, 4),
(292, 7, 77, 62, 4),
(293, 7, 77, 50, 3),
(294, 7, 77, 60, 3),
(300, 1, 65, 14, 2),
(299, 1, 65, 13, 2),
(298, 1, 65, 12, 2),
(347, 7, 65, 55, 2),
(349, 7, 74, 60, 4),
(350, 1, 94, 47, 4),
(351, 1, 94, 14, 3),
(352, 1, 94, 15, 3),
(353, 1, 94, 16, 3),
(354, 1, 94, 35, 3),
(355, 1, 94, 12, 2),
(356, 1, 94, 13, 3),
(357, 2, 94, 19, 4),
(358, 2, 94, 17, 4),
(359, 2, 94, 16, 4),
(360, 2, 94, 13, 4),
(361, 2, 94, 15, 3),
(362, 2, 94, 20, 3),
(363, 2, 94, 47, 4),
(364, 3, 94, 15, 4),
(365, 3, 94, 16, 4),
(366, 3, 94, 20, 3),
(367, 3, 94, 22, 4),
(368, 3, 94, 23, 3),
(369, 3, 94, 24, 3),
(370, 3, 94, 25, 3),
(371, 3, 94, 38, 3),
(372, 3, 94, 48, 3),
(373, 4, 94, 25, 4),
(374, 4, 94, 27, 4),
(375, 4, 94, 28, 4),
(376, 4, 94, 29, 3),
(377, 4, 94, 30, 4),
(378, 5, 94, 25, 3),
(379, 5, 94, 30, 4),
(380, 5, 94, 31, 3),
(381, 5, 94, 32, 4),
(382, 5, 94, 34, 4),
(383, 5, 94, 36, 4),
(384, 5, 94, 37, 3),
(385, 6, 94, 42, 4),
(386, 6, 94, 59, 4),
(387, 6, 94, 44, 3),
(388, 6, 94, 41, 4),
(389, 6, 94, 39, 3),
(390, 6, 94, 58, 4),
(391, 7, 94, 58, 4),
(392, 7, 94, 52, 4),
(393, 7, 94, 61, 3),
(394, 7, 94, 62, 4),
(395, 7, 94, 50, 4),
(396, 7, 94, 60, 4),
(441, 1, 95, 35, 4),
(491, 1, 91, 19, 3),
(490, 1, 91, 16, 3),
(489, 1, 91, 15, 4),
(488, 1, 91, 13, 3),
(487, 1, 91, 12, 3),
(440, 1, 95, 16, 3),
(439, 1, 95, 15, 4),
(438, 1, 95, 14, 3),
(437, 1, 95, 47, 4),
(493, 1, 91, 31, 3),
(521, 2, 128, 16, 2),
(520, 2, 128, 15, 2),
(492, 1, 91, 29, 3),
(519, 2, 128, 13, 2),
(518, 1, 128, 47, 3),
(494, 1, 91, 34, 3),
(517, 1, 128, 35, 2),
(516, 1, 128, 17, 2),
(515, 1, 128, 16, 2),
(514, 1, 128, 15, 2),
(513, 1, 128, 14, 2),
(512, 1, 128, 13, 2),
(511, 1, 128, 12, 2),
(510, 3, 91, 28, 4),
(509, 3, 91, 39, 4),
(508, 3, 91, 22, 4),
(507, 3, 91, 72, 4),
(506, 3, 91, 16, 3),
(505, 3, 91, 15, 3),
(504, 3, 91, 26, 3),
(503, 2, 91, 41, 3),
(502, 2, 91, 47, 3),
(501, 2, 91, 20, 3),
(500, 2, 91, 17, 4),
(499, 2, 91, 16, 3),
(498, 2, 91, 15, 3),
(497, 2, 91, 12, 4),
(496, 2, 91, 14, 3),
(495, 1, 91, 35, 4),
(442, 1, 95, 12, 4),
(443, 1, 95, 13, 4),
(444, 2, 95, 19, 4),
(445, 2, 95, 17, 4),
(446, 2, 95, 16, 4),
(447, 2, 95, 13, 4),
(448, 2, 95, 15, 3),
(449, 2, 95, 20, 4),
(450, 2, 95, 47, 3),
(451, 3, 95, 15, 4),
(452, 3, 95, 16, 4),
(453, 3, 95, 20, 4),
(454, 3, 95, 22, 4),
(455, 3, 95, 23, 3),
(456, 3, 95, 24, 3),
(457, 3, 95, 25, 3),
(458, 3, 95, 38, 4),
(459, 3, 95, 48, 3),
(460, 4, 95, 15, 4),
(461, 4, 95, 25, 4),
(462, 4, 95, 27, 4),
(463, 4, 95, 28, 4),
(464, 4, 95, 29, 4),
(465, 4, 95, 30, 4),
(466, 4, 95, 38, 4),
(467, 5, 95, 25, 4),
(468, 5, 95, 30, 4),
(469, 5, 95, 31, 4),
(470, 5, 95, 32, 3),
(471, 5, 95, 34, 4),
(472, 5, 95, 36, 4),
(473, 5, 95, 37, 4),
(474, 6, 95, 42, 4),
(475, 6, 95, 59, 4),
(476, 6, 95, 44, 4),
(477, 6, 95, 41, 4),
(478, 6, 95, 39, 4),
(479, 6, 95, 40, 4),
(480, 6, 95, 58, 4),
(481, 7, 95, 58, 4),
(482, 7, 95, 52, 4),
(483, 7, 95, 61, 4),
(484, 7, 95, 62, 4),
(485, 7, 95, 50, 4),
(486, 7, 95, 60, 4),
(522, 2, 128, 17, 2),
(523, 2, 128, 19, 2),
(524, 2, 128, 20, 2),
(525, 2, 128, 47, 3),
(526, 3, 128, 48, 2),
(527, 3, 128, 16, 2),
(528, 3, 128, 24, 2),
(529, 3, 128, 38, 2),
(530, 3, 128, 23, 2),
(531, 3, 128, 22, 2),
(532, 4, 128, 27, 2),
(533, 4, 128, 28, 2),
(534, 4, 128, 29, 2),
(535, 4, 128, 30, 2),
(536, 4, 128, 38, 2),
(537, 4, 128, 25, 2),
(538, 5, 128, 25, 2),
(539, 5, 128, 30, 2),
(540, 5, 128, 31, 2),
(541, 5, 128, 32, 2),
(542, 5, 128, 34, 2),
(543, 5, 128, 36, 2),
(544, 5, 128, 37, 2),
(545, 6, 128, 39, 3),
(546, 6, 128, 40, 2),
(547, 6, 128, 41, 2),
(548, 6, 128, 42, 3),
(549, 6, 128, 43, 2),
(550, 6, 128, 44, 4),
(551, 6, 128, 45, 3),
(552, 6, 128, 46, 4),
(553, 7, 128, 61, 2),
(554, 7, 128, 60, 2),
(555, 7, 128, 49, 4),
(556, 7, 128, 50, 2),
(557, 7, 128, 51, 2),
(558, 7, 128, 52, 2),
(559, 7, 128, 53, 3),
(560, 7, 128, 54, 3),
(561, 7, 128, 55, 2),
(562, 1, 120, 12, 3),
(563, 1, 120, 13, 4),
(564, 1, 120, 14, 4),
(565, 1, 120, 15, 4),
(566, 1, 120, 16, 4),
(567, 1, 120, 17, 4),
(568, 1, 120, 35, 4),
(569, 1, 120, 47, 4),
(570, 2, 120, 13, 4),
(571, 2, 120, 15, 3),
(572, 2, 120, 16, 4),
(573, 2, 120, 17, 4),
(574, 2, 120, 19, 4),
(575, 2, 120, 20, 3),
(576, 2, 120, 47, 4),
(577, 3, 120, 48, 4),
(578, 3, 120, 16, 4),
(579, 3, 120, 24, 4),
(580, 3, 120, 38, 4),
(581, 3, 120, 23, 4),
(582, 3, 120, 22, 4),
(583, 4, 120, 25, 3),
(584, 4, 120, 27, 4),
(585, 4, 120, 28, 4),
(586, 4, 120, 29, 4),
(587, 4, 120, 30, 4),
(588, 4, 120, 38, 4),
(589, 5, 120, 25, 3),
(590, 5, 120, 30, 4),
(591, 5, 120, 31, 4),
(592, 5, 120, 32, 4),
(593, 5, 120, 34, 4),
(594, 5, 120, 36, 4),
(595, 5, 120, 37, 4),
(596, 8, 74, 67, 4),
(597, 8, 74, 64, 4),
(598, 8, 74, 66, 4),
(599, 8, 74, 49, 4),
(600, 8, 74, 68, 4),
(601, 8, 66, 67, 4),
(602, 8, 66, 46, 4),
(603, 8, 66, 63, 4),
(604, 8, 66, 64, 4),
(605, 8, 66, 65, 4),
(606, 8, 66, 66, 4),
(607, 8, 132, 66, 2),
(608, 1, 132, 47, 2),
(609, 1, 132, 14, 2),
(610, 1, 132, 15, 2),
(611, 1, 132, 16, 2),
(612, 1, 132, 35, 2),
(613, 1, 132, 12, 2),
(614, 1, 132, 13, 2),
(615, 2, 132, 19, 2),
(616, 2, 132, 17, 2),
(617, 2, 132, 16, 2),
(618, 2, 132, 13, 2),
(619, 2, 132, 15, 2),
(620, 2, 132, 20, 2),
(621, 2, 132, 47, 2),
(622, 3, 132, 15, 2),
(623, 3, 132, 16, 2),
(624, 3, 132, 20, 2),
(625, 3, 132, 22, 2),
(626, 3, 132, 23, 2),
(627, 3, 132, 24, 2),
(628, 3, 132, 25, 2),
(629, 3, 132, 38, 2),
(630, 3, 132, 48, 2),
(631, 4, 132, 15, 2),
(632, 4, 132, 25, 2),
(633, 4, 132, 27, 2),
(634, 4, 132, 28, 2),
(635, 4, 132, 29, 2),
(636, 4, 132, 30, 2),
(637, 4, 132, 38, 2),
(638, 5, 132, 25, 2),
(639, 5, 132, 30, 2),
(640, 5, 132, 31, 2),
(641, 5, 132, 32, 2),
(642, 5, 132, 34, 2),
(643, 5, 132, 36, 2),
(644, 5, 132, 37, 2),
(645, 6, 132, 42, 2),
(646, 6, 132, 59, 2),
(647, 6, 132, 44, 2),
(648, 6, 132, 41, 2),
(649, 6, 132, 39, 2),
(650, 6, 132, 40, 2),
(651, 6, 132, 58, 2),
(652, 7, 132, 58, 2),
(653, 7, 132, 52, 2),
(654, 7, 132, 61, 2),
(655, 7, 132, 62, 2),
(656, 7, 132, 50, 2),
(657, 7, 132, 60, 2),
(658, 8, 132, 67, 2),
(659, 8, 132, 46, 2),
(660, 8, 132, 63, 2),
(661, 8, 132, 64, 2),
(662, 8, 132, 65, 2),
(663, 4, 91, 15, 4),
(664, 4, 91, 40, 3),
(665, 4, 91, 67, 4),
(666, 4, 91, 30, 4),
(667, 4, 91, 38, 4),
(668, 4, 91, 25, 3),
(669, 4, 91, 69, 3),
(670, 4, 91, 70, 3),
(671, 4, 91, 71, 3),
(672, 1, 103, 12, 3),
(673, 1, 103, 13, 4),
(674, 1, 103, 14, 3),
(675, 1, 103, 15, 2),
(676, 1, 103, 16, 2),
(677, 1, 103, 17, 3),
(678, 1, 103, 35, 3),
(679, 1, 103, 47, 4),
(680, 2, 103, 13, 4),
(681, 2, 103, 15, 2),
(682, 2, 103, 16, 3),
(683, 2, 103, 17, 2),
(684, 2, 103, 19, 4),
(685, 2, 103, 20, 2),
(686, 2, 103, 47, 4),
(687, 3, 103, 48, 2),
(688, 3, 103, 16, 2),
(689, 3, 103, 24, 3),
(690, 3, 103, 38, 4),
(691, 3, 103, 23, 3),
(692, 3, 103, 22, 3),
(693, 4, 103, 25, 2),
(694, 4, 103, 27, 3),
(695, 4, 103, 28, 4),
(696, 4, 103, 29, 3),
(697, 4, 103, 30, 4),
(698, 4, 103, 38, 4),
(699, 5, 103, 25, 2),
(700, 5, 103, 30, 3),
(701, 5, 103, 31, 2),
(702, 5, 103, 32, 3),
(703, 5, 103, 34, 3),
(704, 5, 103, 36, 2),
(705, 5, 103, 37, 3),
(706, 6, 103, 44, 4),
(707, 6, 103, 45, 4),
(708, 6, 103, 46, 4),
(709, 6, 103, 41, 4),
(710, 6, 103, 43, 4),
(711, 6, 103, 40, 2),
(712, 6, 103, 39, 4),
(713, 1, 145, 12, 1),
(714, 1, 145, 13, 2),
(715, 1, 145, 14, 3),
(716, 1, 145, 15, 3),
(717, 1, 145, 16, 3),
(718, 1, 145, 17, 4),
(719, 1, 145, 35, 2),
(720, 1, 145, 47, 3),
(721, 2, 145, 13, 3),
(722, 2, 145, 15, 3),
(723, 2, 145, 16, 3),
(724, 2, 145, 17, 3),
(725, 2, 145, 19, 4),
(726, 2, 145, 20, 3),
(727, 2, 145, 47, 3),
(728, 3, 145, 48, 4),
(729, 3, 145, 16, 3),
(730, 3, 145, 24, 3),
(731, 3, 145, 38, 3),
(732, 3, 145, 23, 3),
(733, 3, 145, 22, 4),
(734, 4, 145, 27, 4),
(735, 4, 145, 28, 4),
(736, 4, 145, 29, 4),
(737, 4, 145, 30, 4),
(738, 4, 145, 38, 3),
(739, 4, 145, 25, 3),
(740, 5, 145, 25, 4),
(741, 5, 145, 30, 3),
(742, 5, 145, 31, 3),
(743, 5, 145, 32, 3),
(744, 5, 145, 34, 3),
(745, 5, 145, 36, 3),
(746, 5, 145, 37, 4),
(747, 6, 145, 39, 3),
(748, 6, 145, 40, 4),
(749, 6, 145, 41, 2),
(750, 6, 145, 42, 3),
(751, 6, 145, 43, 4),
(752, 6, 145, 44, 3),
(753, 6, 145, 45, 4),
(754, 6, 145, 46, 4),
(755, 7, 145, 61, 3),
(756, 7, 145, 60, 3),
(757, 7, 145, 49, 3),
(758, 7, 145, 50, 2),
(759, 7, 145, 51, 3),
(760, 7, 145, 52, 3),
(761, 7, 145, 53, 3),
(762, 7, 145, 54, 3),
(763, 7, 145, 55, 3),
(764, 8, 145, 68, 2),
(765, 8, 145, 67, 3),
(766, 8, 145, 64, 2),
(767, 8, 145, 66, 3),
(768, 8, 145, 49, 3);

-- --------------------------------------------------------

--
-- Структура таблицы `tbl_wall`
--

CREATE TABLE IF NOT EXISTS `tbl_wall` (
  `id` int(255) NOT NULL AUTO_INCREMENT,
  `profile_id` int(255) NOT NULL,
  `parent_id` int(255) DEFAULT NULL,
  `date` datetime NOT NULL,
  `content` text NOT NULL,
  `belong_id` int(255) NOT NULL,
  `last_update` int(255) NOT NULL,
  `rating` int(11) DEFAULT '0',
  PRIMARY KEY (`id`)
) ENGINE=MyISAM  DEFAULT CHARSET=utf8 AUTO_INCREMENT=127 ;

--
-- Дамп данных таблицы `tbl_wall`
--

INSERT INTO `tbl_wall` (`id`, `profile_id`, `parent_id`, `date`, `content`, `belong_id`, `last_update`, `rating`) VALUES
(2, 22, NULL, '2013-02-12 09:36:02', 'оуо) рад видеть', 26, 1360694842, 1),
(3, 26, 2, '2013-02-12 09:40:47', 'привет)', 26, 1360694447, 0),
(4, 22, 2, '2013-02-12 09:41:41', 'у меня первый плюсик )) еее', 22, 1360694501, 0),
(5, 26, 2, '2013-02-12 09:43:11', 'поставь лайки лучше)&nbsp;', 26, 1360694591, 0),
(6, 22, 2, '2013-02-12 09:45:39', 'а как же тогда минусовать? &nbsp;иногда очень хочется минус влепить)', 22, 1360694739, 0),
(7, 22, 2, '2013-02-12 09:46:07', 'я уже баг нажел)) старые коменты не видно . работаем работаем..', 22, 1360694767, 0),
(8, 22, 2, '2013-02-12 09:47:22', 'а нет все норм', 22, 1360694842, 0),
(10, 22, NULL, '2013-02-13 07:49:53', 'ну и че с тобой делать будем)', 28, 1360739145, 0),
(12, 22, NULL, '2013-02-13 09:31:45', 'давай оценки выставляй))', 33, 1360737143, 0),
(13, 22, 12, '2013-02-13 09:32:23', 'и фото загружай))', 22, 1360737143, 0),
(14, 22, 10, '2013-02-13 10:05:45', 'кнопка не нужна даже))) уже минус 5))ахахаха', 22, 1360739145, 0),
(66, 35, 56, '2013-04-15 07:39:41', 'Надо бы преподавателю добавить возможность создания дисциплин. Есть новые дисциплины.<br>Так же может разделить дисциплины по курсам?<br>', 35, 1365997181, 0),
(61, 35, 56, '2013-04-12 07:16:57', 'в преподавателях видны только имя отчество, а в реестре имя фамилия, <br>надо соблюсти однотипность<br>', 35, 1365736617, 0),
(16, 22, NULL, '2013-02-20 04:53:09', 'вам стоит предоставить весомые аргументы в пользу того что вы преподаватель, иначе вы будите забанены в течении часа.<br>', 41, 1361364789, 0),
(17, 22, NULL, '2013-02-20 06:08:26', 'поздравляю с регистрацией)', 42, 1361369373, 1),
(18, 22, 17, '2013-02-20 06:09:33', 'я назначил тебя старостой. попробуй рассписание составить для группы', 22, 1361369373, 0),
(91, 73, 90, '2013-06-27 01:29:30', 'тест тест тест', 73, 1372325370, 0),
(92, 73, 90, '2013-06-27 01:29:40', 'http://atpp.in/user/editprofile/132', 73, 1372325380, 0),
(83, 22, 81, '2013-06-24 10:02:49', 'ok', 22, 1372096969, 0),
(23, 22, 19, '2013-02-22 09:45:50', 'рассписание, редактировать. Там составляешь. Если не получится еще раз отпиши.<br>', 22, 1361511950, 0),
(24, 22, 11, '2013-02-22 09:46:14', 'ок<br>', 22, 1361511974, 0),
(26, 42, 19, '2013-02-22 11:18:48', 'точно так делаю, но там пустые табы с днями недели<br>', 42, 1361560728, 0),
(27, 22, 19, '2013-02-23 09:50:19', 'сделай скрин и скинь мне на почту пожалуста', 22, 1361598619, 0),
(28, 22, 19, '2013-02-23 09:53:05', 'слушай а оценки тоже не получается выставить?', 22, 1361598785, 0),
(29, 42, 19, '2013-02-23 10:28:34', 'скрин отправил, с оценками все нормально<br>', 42, 1361600914, 0),
(30, 22, 19, '2013-02-23 04:27:48', 'в ближайшее время поправлю. это какойто баг)', 22, 1361622468, 0),
(32, 22, NULL, '2013-02-25 08:19:03', 'баг пофиксил попробуй еще раз рассписани заполнить', 42, 1361809143, 1),
(33, 22, 19, '2013-02-25 08:19:18', 'поправил', 22, 1361809158, 0),
(34, 22, NULL, '2013-03-12 11:25:37', 'привет) вроде исправил в баг в админке - поробуй<br><br>', 42, 1363073137, 1),
(36, 22, 35, '2013-03-14 05:49:13', 'пока я не могу понять в чем у тебя ошибка. мб в субботу встретимся и ты покажешь.&nbsp;<div>Попробуй еще раз на всяк случай)</div><div><br></div>', 22, 1363268953, 0),
(38, 22, NULL, '2013-03-14 05:56:56', 'а рассписание не получилось составить?<div><br></div>', 42, 1363527777, 0),
(40, 35, 37, '2013-03-17 09:04:04', 'Будет гораздо лучше, если выбирать предмет можно будет со страницы \nпреподавателя. И вообще преподавателю надо добавить возможность \nредактирования профиля - ФИО, набор дисциплин, темы научных интересов, \nкраткая информация о себе', 35, 1363496644, 0),
(41, 42, 38, '2013-03-17 05:42:57', 'с расписанием все нормально)<br>', 42, 1363527777, 0),
(42, 22, 37, '2013-03-21 01:35:33', 'так это же все есть<br>', 22, 1363858533, 0),
(43, 22, 37, '2013-03-21 01:35:52', 'кнопка "ред." рядом с кнопкой моя страница<br>', 22, 1363858552, 0),
(46, 22, NULL, '2013-04-04 11:42:44', 'привет, а че в новости картинка сломалась?', 42, 1365823936, 0),
(47, 22, NULL, '2013-04-09 04:31:09', 'с прибытием)<div><br></div><div><br></div>', 69, 1365510669, 0),
(64, 42, 46, '2013-04-13 07:32:16', 'ага, пропала<br>', 42, 1365823936, 0),
(52, 22, 11, '2013-04-10 12:22:21', 'Ошибку поправил<div><br></div>', 22, 1365582141, 0),
(53, 22, 51, '2013-04-10 09:35:00', 'отображение в IE кстати поправил..', 22, 1365615300, 0),
(54, 35, 51, '2013-04-11 07:49:04', 'надо увеличить до 50. Ну или хотя бы до 40. Или это ограничение системы? Поправь отображение отчеств. А по поводу IE - это здорово.<br>', 35, 1365652144, 0),
(55, 22, 51, '2013-04-11 11:22:16', 'тогда увеличиваю до 50 мб. Отчество сегодня постараюсь сделать', 22, 1365664936, 0),
(80, 35, 11, '2013-06-23 05:41:47', 'зайди через "реестры" в "группы", открой любую группу и снова выйди в "группы": <br><h1>Error 400</h1>', 35, 1371994907, 0),
(57, 22, 56, '2013-04-11 06:42:08', 'да кстати, теперь преподаватели могут редактировать предметы которые ведут.', 22, 1365691328, 0),
(58, 27, NULL, '2013-04-11 09:27:18', 'Дмитрич!!!', 68, 1366970165, 1),
(62, 22, 59, '2013-04-12 03:20:28', 'с русским у меня действительно плохо.<div><br></div>', 22, 1365765628, 0),
(65, 35, 56, '2013-04-15 07:38:00', 'Может лучше так - в преподавателях -полное ФИО, а в остальных местах - фамилия и инициалы. Сможешь так сделать?<br>', 35, 1365997080, 0),
(67, 35, 56, '2013-04-15 07:43:41', 'Можешь сделать у преподавателя (впрочем и студенту тоже) отдельную нычку для хранения файлов (которые не по дисциплинам например)?', 35, 1365997421, 0),
(68, 35, 56, '2013-04-15 08:03:50', 'ссылки бы сделать кликабельными <br>', 35, 1365998630, 0),
(69, 22, 56, '2013-04-22 01:32:02', 'тогда займусь разработкой личных файлов. а что не кликабелные ссылки?<div><br></div>', 22, 1366623122, 0),
(70, 22, 58, '2013-04-26 01:56:05', '))', 22, 1366970165, 0),
(97, 22, 96, '2013-06-27 10:07:15', 'werwer', 22, 1372356435, 0),
(102, 22, NULL, '2013-06-27 10:17:25', 'Всем доброго времени суток :)<br/>Анонсирую свои июньские обновления:<br/>1) Реализовал загрузку файлов себе в профайл.<br/>2) Стандартизировал вывод имени и фамилии пользователей.<br/>3)  Сделал интуитивно понятно название титлов(вкладок)<br/>4) Сайт стал полностью аяксовым (ajax), это сказалось на уменьшении трафика, а следовательно более быстром открытии страниц.<br/>5) Ссылки, добавляемые в "обсуждения", "комментарии", "и профайл" стали кликабельные.<br/>6) Изменения в дизайне, сделала Алия Мукминова<br/>(http://atpp.in/user/ViewProfile/23)', 22, 1372399026, 1),
(103, 35, NULL, '2013-06-27 10:50:46', 'Cайт становится всё лучше и лучше.Может, пора разделить форум на ветки? Например, баги, объявления по кафедре, разное (или как то по другому).Кстати, о багах, не работает переход на предыдущую страницу (firefox). В некоторых очень редких случаях работает.Удобная вещь - ссылка на профиль человека.', 22, 1372409726, 0),
(111, 22, 103, '2013-06-28 12:55:26', 'баг при котором возвращение назад не работает поправил.', 22, 1372409726, 0),
(105, 22, 103, '2013-06-28 09:43:37', 'с форумом тоже согласен, нужно как то разделять по смыслам все посты в нем, и думаю с дизайном тоже что нибудь изменится.', 22, 1372398217, 0),
(112, 35, NULL, '2013-07-07 07:12:42', 'анонсируй планируемые изменения на июль (если на форуме "ветки" создашь, то лучше там в соответствующей ветке)', 22, 1373209962, 0),
(107, 22, 102, '2013-06-28 09:44:42', '7) Улучшена возможность публикации статей, теперь можно просматривать и редактирова свои посты.', 22, 1372398282, 0),
(108, 22, 102, '2013-06-28 09:56:03', '8) В реестре у студентов добавлено время последнего визита', 22, 1372398963, 0),
(109, 22, 102, '2013-06-28 09:56:24', '9) коментарии теперь отправляются по кнопку "enter"', 22, 1372398984, 0),
(110, 22, 102, '2013-06-28 09:57:06', '10) изменен профайл пользователя,  пока не окончательно', 22, 1372399026, 0),
(113, 27, NULL, '2013-07-13 11:41:37', '1) При создании статьи на сайт пропала возможность добавления фотографий.2) Создав черновой вариант статьи нет возможности изменить ее статус, т.е. опубликовать', 22, 1378715043, 1),
(114, 22, 113, '2013-07-16 10:54:54', 'спасибо) поправлю в ближайшее время)', 22, 1373957694, 0),
(115, 53, NULL, '2013-07-16 01:56:56', 'Хотим рейтинг, допустим за пост который лайкнули или дизлайкнули)', 22, 1374866956, 0),
(116, 22, 115, '2013-07-26 11:29:16', 'по подробней', 22, 1374866956, 0),
(117, 27, 113, '2013-08-02 10:55:29', 'также не работает кнопка удаления статей', 27, 1375426529, 0),
(118, 86, NULL, '2013-08-27 04:47:13', 'asdasd', 86, 1377607633, 0),
(119, 22, NULL, '2013-09-09 12:23:53', 'asasd', 22, 1378715040, 0),
(120, 22, 119, '2013-09-09 12:23:56', 'asdasdasd', 22, 1378715036, 0),
(121, 22, 119, '2013-09-09 12:23:58', 'asd', 22, 1378715038, 0),
(122, 22, 119, '2013-09-09 12:23:58', 'd', 22, 1378715038, 0),
(123, 22, 119, '2013-09-09 12:24:00', 'asd', 22, 1378715040, 0),
(124, 22, 113, '2013-09-09 12:24:03', 'asdasd', 22, 1378715043, 0),
(125, 22, NULL, '2013-09-09 12:24:14', 'asdasd', 27, 1378715057, 0),
(126, 22, 125, '2013-09-09 12:24:17', 'asdasd', 22, 1378715057, 0);

-- --------------------------------------------------------

--
-- Структура таблицы `tbl_weekday`
--

CREATE TABLE IF NOT EXISTS `tbl_weekday` (
  `id` int(64) NOT NULL AUTO_INCREMENT,
  `name` varchar(64) NOT NULL,
  `tab` varchar(64) NOT NULL,
  PRIMARY KEY (`id`)
) ENGINE=MyISAM  DEFAULT CHARSET=utf8 AUTO_INCREMENT=7 ;

--
-- Дамп данных таблицы `tbl_weekday`
--

INSERT INTO `tbl_weekday` (`id`, `name`, `tab`) VALUES
(1, 'Понедельник', 'monday'),
(2, 'Вторник', 'tuesday'),
(3, 'Среда', 'wednesday'),
(4, 'Четверг', 'whursday'),
(5, 'Пятница', 'friday'),
(6, 'Суббота', 'saturday');

-- --------------------------------------------------------

--
-- Структура таблицы `tbl_week_mask`
--

CREATE TABLE IF NOT EXISTS `tbl_week_mask` (
  `id` int(16) NOT NULL AUTO_INCREMENT,
  `semestr` int(11) NOT NULL,
  `week_num` int(11) NOT NULL,
  PRIMARY KEY (`id`)
) ENGINE=MyISAM  DEFAULT CHARSET=utf8 AUTO_INCREMENT=3 ;

--
-- Дамп данных таблицы `tbl_week_mask`
--

INSERT INTO `tbl_week_mask` (`id`, `semestr`, `week_num`) VALUES
(1, 1, 41),
(2, 1, 6);

-- --------------------------------------------------------

--
-- Структура таблицы `tbl_week_razd`
--

CREATE TABLE IF NOT EXISTS `tbl_week_razd` (
  `id` int(64) NOT NULL AUTO_INCREMENT,
  `name` varchar(64) NOT NULL,
  PRIMARY KEY (`id`)
) ENGINE=MyISAM  DEFAULT CHARSET=utf8 AUTO_INCREMENT=4 ;

--
-- Дамп данных таблицы `tbl_week_razd`
--

INSERT INTO `tbl_week_razd` (`id`, `name`) VALUES
(1, 'каждую неделю'),
(2, 'по нечетным ( * )'),
(3, 'по четным ( ** )');

/*!40101 SET CHARACTER_SET_CLIENT=@OLD_CHARACTER_SET_CLIENT */;
/*!40101 SET CHARACTER_SET_RESULTS=@OLD_CHARACTER_SET_RESULTS */;
/*!40101 SET COLLATION_CONNECTION=@OLD_COLLATION_CONNECTION */;
